GAME_EVENT_ID,SHOT_MADE_FLAG
3507,1
1906,1
5252,1
4854,0
6269,0
8054,0
3035,1
2318,0
6364,1
6963,1
913,1
7082,0
394,0
5083,0
6315,0
5697,0
2572,0
3293,0
1921,0
2368,0
82,0
1470,0
9301,0
6622,0
8674,0
5816,0
972,1
5031,1
4946,0
3356,0
6443,1
9135,0
8610,1
1882,0
5931,0
779,1
1598,1
8259,0
8440,0
2012,0
8117,0
2061,1
7128,1
2283,0
831,0
8798,0
1945,0
6002,0
7006,0
8548,1
7744,0
7164,0
7466,1
958,0
402,1
4903,1
6396,0
723,0
676,1
5158,0
3939,0
2044,1
9055,0
2910,0
7338,0
4367,0
6988,1
3074,0
6256,0
1752,0
6490,0
1572,0
176,0
2345,1
501,0
1307,0
6854,0
9178,1
5601,0
3201,0
6009,1
9467,0
829,0
4327,0
6860,1
8125,0
6485,0
1835,0
605,0
4235,1
3474,1
1751,1
3395,0
8305,1
5797,0
1273,1
760,0
769,0
8070,0
6077,0
2322,1
9281,1
5719,0
2428,1
6932,0
2376,0
7870,0
1243,1
1250,0
3133,1
2968,0
1544,0
8723,0
1972,1
2877,0
2092,0
679,1
6724,0
3719,0
876,1
8502,0
6841,0
8537,0
5332,1
6721,1
3406,0
4408,1
6499,0
4897,0
6918,0
9269,0
7250,1
5548,0
1074,0
6429,1
6756,1
3944,0
79,1
6404,1
5861,0
6199,0
2661,0
8784,1
3418,0
8210,0
3193,0
5937,1
2536,1
3853,1
6982,0
57,0
4013,0
5228,0
45,0
4370,0
3865,0
3033,0
953,0
3351,1
3095,1
2354,1
3485,0
5876,1
1258,0
1044,0
9254,0
4662,0
3135,0
3298,0
9195,0
8494,0
245,0
7067,1
3892,1
8969,1
156,1
7930,0
6151,0
130,1
5258,0
5584,0
4007,1
8894,1
8310,0
7460,1
6939,0
2843,0
6348,0
1469,0
5027,0
6465,0
3432,0
7553,1
7172,1
967,0
857,0
6696,1
5739,0
8301,0
8828,0
8426,1
5336,1
5632,0
2792,0
8097,0
4687,0
4840,1
4700,0
964,0
1558,0
6402,0
8435,0
1534,1
2063,0
3216,0
2557,0
7117,1
3744,0
2935,0
7200,1
1647,0
7980,0
6004,0
4125,0
4219,0
4480,1
6028,0
4551,0
6449,1
1398,0
6088,0
5271,1
5078,0
8538,1
7076,0
1533,0
8860,0
4321,0
5885,0
5,1
4458,0
9039,1
5888,0
3524,0
5201,0
8056,0
2228,0
9096,0
5902,1
6938,0
286,0
954,1
2048,0
6785,0
448,1
7659,0
5860,0
8641,0
7421,0
2000,0
3798,0
2566,1
7045,1
1706,1
4890,1
5746,0
4072,0
2788,1
2505,0
7828,0
119,1
3814,0
6311,0
2128,0
584,0
893,0
180,1
1527,0
9298,0
5949,0
378,1
9415,0
7950,0
5760,0
2893,0
5315,1
147,0
6246,1
7097,1
4518,0
3733,0
5021,0
7510,1
5418,1
3787,0
2774,1
2406,0
1217,0
6389,0
6872,0
5032,0
7589,1
6302,0
2272,1
2103,0
7085,1
545,1
653,1
3062,1
6694,0
2894,0
1735,1
8961,1
1789,1
5175,0
3567,0
5253,0
7192,0
7480,0
4262,1
5063,0
7089,0
842,1
5381,1
7053,1
1975,1
390,0
989,0
8734,1
4549,0
5627,0
1525,1
78,0
5118,0
3730,0
3272,0
6148,0
1372,0
4076,1
7322,0
1887,1
7282,0
3082,0
646,0
5633,0
1892,0
3128,0
3204,1
5213,0
141,0
2095,1
6965,0
5465,1
8428,0
1269,0
6746,0
6170,0
3096,0
6437,1
8997,1
6931,0
3392,0
7526,0
8019,1
5356,0
7874,1
8370,0
1497,0
9409,1
5106,0
791,1
4814,0
5670,0
4980,1
3753,0
2670,1
4697,0
674,1
8180,0
1823,0
3047,1
360,1
338,1
5805,0
2470,1
4671,0
7063,1
1554,0
717,1
4357,1
3366,1
6289,1
1014,0
5543,1
4351,0
8675,0
1755,0
5834,1
4302,0
2704,1
5456,0
3058,0
4947,0
8542,0
5705,0
5579,1
1375,0
6024,0
5659,0
6985,0
4649,0
1500,0
7928,0
949,0
9158,0
752,0
8281,1
3538,0
2089,0
5774,1
8182,0
7690,1
3670,1
5623,0
3661,0
9084,1
1415,1
2225,0
1832,1
6297,1
2491,0
4538,0
4109,0
8121,1
3505,0
9241,0
3067,0
9233,0
9496,0
9361,1
321,0
1120,0
2542,0
3153,0
196,0
2578,0
7260,1
1080,1
5170,0
1270,0
6385,0
4824,0
9244,1
4362,0
732,1
5361,0
6400,0
7395,1
5711,0
8334,1
1845,0
2633,1
3840,1
2400,0
3268,1
6255,0
7729,1
1304,0
7869,0
7910,1
4595,0
9492,0
2833,0
4078,0
8516,0
9088,1
3308,1
4336,1
661,0
2922,1
9456,1
4502,1
1653,0
3297,1
1953,0
1177,1
2593,1
3010,0
6728,0
2862,1
6928,1
9437,0
9390,0
4780,1
6580,0
2582,1
4455,0
3364,1
6374,0
6403,0
5854,0
2531,1
539,0
2705,1
6086,0
3428,0
2901,0
9378,0
5457,1
1522,0
239,0
6167,0
523,0
5519,0
3818,0
2583,0
6861,1
4519,0
920,1
8931,1
2749,0
2712,0
8061,0
4212,1
2415,0
1154,1
7337,1
5814,0
1178,0
580,0
1505,0
7426,0
8615,1
2799,1
92,0
7704,0
4863,1
9381,1
9141,0
1035,1
5091,0
8234,0
1091,0
2813,0
6209,1
7916,0
4363,1
3766,0
8102,0
2262,1
4975,0
302,0
42,0
3993,1
2664,0
5273,0
2683,0
8815,0
9175,0
8237,0
1310,0
1477,0
5292,1
637,1
2962,0
6525,0
781,0
3685,0
1779,1
4181,1
3317,0
8067,0
7648,1
2002,0
7122,0
1970,0
8280,0
3450,1
1754,1
8607,1
9094,1
4493,0
2965,0
7745,0
8086,0
7799,1
3381,1
6829,0
6261,1
9384,0
5139,0
6066,0
6268,1
3975,0
6978,0
4265,0
5836,0
2059,0
5913,0
2066,0
3080,1
8627,0
2856,0
3906,0
1677,1
7201,1
1439,1
9200,0
9426,1
1381,0
1162,1
427,0
1083,1
3319,1
3990,1
1009,0
1792,1
3904,0
7801,0
4954,0
7939,1
7796,0
1284,0
636,0
7662,1
7535,0
2462,1
2474,0
557,0
1368,1
2845,0
9146,0
8252,1
7393,0
3658,1
9226,0
6730,0
2181,1
5211,1
3996,1
6546,0
5847,0
8962,0
8796,1
5893,0
592,0
6272,0
1829,0
5102,1
6299,1
4345,0
4621,1
553,0
833,0
5731,0
1075,0
2560,1
5105,0
3471,0
6639,0
8651,0
4901,0
351,0
4726,0
5508,0
4060,0
7917,0
7241,0
1663,0
5767,0
8762,0
8488,1
9289,0
6750,1
4473,0
3034,0
5045,0
9273,0
7037,0
6319,1
6572,0
6819,1
3977,0
7590,0
5246,0
1394,0
1263,1
7983,0
7237,0
7922,1
6150,0
812,1
2850,0
59,1
5409,0
3810,0
2180,1
7555,0
6481,1
3145,1
1825,0
6554,0
7964,1
6198,0
7780,1
8968,0
3812,0
8820,0
2574,0
9355,1
8197,1
9053,0
1105,1
992,0
1327,0
2976,0
8080,0
2614,0
7064,0
1809,0
4489,0
2314,1
7127,0
8321,1
6956,1
2326,1
7311,0
4599,0
6337,0
9010,0
5682,1
2453,1
5089,0
751,1
4944,1
2464,1
4224,0
8527,0
7800,0
8203,0
4450,0
137,1
2215,1
6562,1
6610,0
3651,0
5650,0
4122,1
4932,1
4120,0
4318,0
9367,1
7844,1
3680,0
7205,1
2270,0
3636,0
8030,0
9132,0
4861,0
5480,1
4663,0
1841,0
8001,1
6569,0
7088,0
2133,0
161,0
6884,0
3582,0
1013,1
712,1
1808,0
7834,0
5864,1
7507,1
3330,0
1079,1
273,0
7546,0
2317,0
4574,1
3054,1
9399,0
801,0
2385,1
1998,1
7203,0
4965,0
3672,0
6568,0
3989,0
9041,1
8804,0
7347,0
2942,0
2692,0
1509,0
658,0
9491,0
4285,1
6222,0
8418,1
3275,0
5500,0
8453,1
2515,0
3942,0
4993,0
7790,1
7432,1
6899,0
903,0
8902,0
7218,0
2948,1
7313,1
8896,1
5997,0
7171,0
1333,1
7120,1
329,1
2083,0
5549,0
3546,0
166,0
3851,0
1934,0
2756,1
4693,1
3316,0
362,0
349,0
2685,0
7987,1
5939,0
8470,1
803,0
3727,0
444,0
7793,1
8218,1
3837,0
1698,1
625,0
8009,0
4365,0
7397,1
8656,0
9411,0
4116,1
4420,1
4384,0
1028,1
7188,1
6505,1
794,0
7584,0
582,0
5553,0
2390,0
5868,0
5479,1
5350,1
7401,0
9454,0
9282,1
8422,1
7230,0
3794,0
2652,0
1702,0
7846,0
5254,0
565,0
1582,0
5588,0
1843,1
5446,0
8515,0
999,0
5496,1
1151,0
5308,0
3266,0
7618,0
1165,0
7154,0
3635,1
980,1
4288,1
5524,0
7111,0
7804,0
6843,0
4530,0
9402,0
2010,0
7649,1
1773,0
1225,0
1639,0
389,1
566,0
2032,0
3894,0
8751,0
724,0
8998,1
6519,0
6056,0
7897,0
8848,1
8372,0
4568,0
7702,0
2561,1
1750,0
2399,0
4507,0
4258,0
517,0
4186,1
8497,1
9110,1
283,1
4470,0
2446,1
3954,0
4899,0
3919,0
8011,0
6372,0
8735,0
6586,0
2577,1
8217,0
6423,0
3008,1
7356,1
1605,0
9204,0
144,1
3968,0
3068,0
707,0
1983,0
6234,0
7571,1
1471,0
1586,0
7143,0
4988,0
2308,1
868,1
6117,0
7235,0
1638,0
7932,0
5927,0
4922,0
1455,0
9352,0
1159,0
4058,0
2603,0
2506,1
1559,0
3151,1
5394,0
7563,1
7490,0
6174,0
3826,1
9274,0
5831,0
549,0
3618,0
1712,1
2488,0
5932,1
2959,0
3382,0
4917,0
2485,0
4081,0
5060,0
8404,0
6600,0
5198,1
1288,0
470,1
4111,1
1518,1
2033,0
3029,0
8163,1
1978,0
2388,1
4151,0
3005,0
8115,1
214,0
547,1
2076,0
3162,0
4998,1
1753,1
3263,0
5970,1
342,0
5341,0
6471,1
4422,1
6296,1
1427,0
9288,0
8112,1
6754,0
385,0
263,1
4717,0
782,0
2220,1
6018,0
189,0
8088,1
5811,0
8758,0
8865,0
3498,0
3085,0
3543,0
2369,0
5665,0
8487,0
9062,0
7302,0
2938,0
680,0
924,1
4314,1
9060,1
4888,0
7925,0
4956,1
6878,1
4942,0
1797,1
5680,0
2729,0
6133,1
1746,0
4121,0
9304,0
7204,0
7403,0
2118,0
8131,1
8831,0
7915,0
6378,0
6657,0
1884,0
6973,0
155,0
4504,0
4230,0
5663,0
839,0
4202,0
8726,0
6857,0
8622,0
11,0
7993,0
7428,0
1457,0
8397,0
4767,1
9261,0
6902,1
7996,0
6953,1
3378,1
7074,1
2465,0
2849,0
2601,0
5018,0
6617,0
4999,1
1487,1
7346,0
4372,0
4170,0
5724,1
4334,1
5297,1
8026,1
4681,0
3649,1
6483,0
7900,0
6273,0
6887,1
6612,0
5755,0
7061,0
3847,0
2378,1
2364,0
102,0
6290,0
3481,0
6803,0
1229,0
4701,0
552,0
4628,0
546,0
2001,0
8100,0
7962,1
6130,0
5309,1
4938,0
8900,1
2383,0
7616,0
8010,1
4819,0
4274,1
7118,0
6904,0
8854,0
9197,1
6511,0
7678,0
6598,1
111,0
9037,1
3292,0
314,1
3249,1
2306,1
4789,0
1719,0
6581,0
4521,1
2182,1
7285,1
3686,0
2043,0
5999,0
6128,0
5208,1
5185,0
7474,0
8149,0
1063,1
5507,0
3914,0
1669,0
7227,0
7091,1
2227,0
2786,1
4512,0
1224,0
4626,1
7647,0
9002,0
6561,0
2573,1
9,0
4001,0
3186,1
1883,0
619,0
8958,0
7857,0
5030,1
5165,0
4544,0
3405,1
7722,1
1919,0
4941,1
5191,1
5978,0
8165,0
345,0
883,1
8,0
4272,0
7160,1
2998,0
3191,1
1700,0
2370,1
7601,0
5554,0
7892,1
507,1
495,0
7902,0
6528,0
7065,0
8754,0
7689,1
1741,0
1090,0
2617,1
9021,1
1628,1
5745,1
3637,0
1412,1
4003,0
3933,0
451,0
174,0
8580,1
489,0
8161,0
2160,1
2235,0
5962,0
5041,0
4443,0
4581,1
968,1
9052,0
2655,0
6823,0
7898,0
6203,0
4089,0
3163,1
1877,1
7038,0
5077,0
1464,0
8297,0
6717,0
4137,0
8987,0
4095,0
8022,0
3566,0
709,0
7247,0
7157,0
2975,0
8698,1
7711,1
4853,0
7882,0
588,1
9150,0
8684,0
4801,1
7666,0
5497,0
6835,0
8476,0
36,1
2357,0
6534,0
3518,0
2990,0
6533,0
7940,1
3438,0
9007,0
4985,0
304,0
5467,1
2834,1
4278,0
8085,0
684,0
193,1
5094,0
7449,0
5973,0
5116,0
9003,0
8029,0
7377,1
5199,0
3125,0
5472,0
3693,0
1869,0
7321,0
5079,0
537,0
7436,0
8849,0
4468,1
5602,0
1069,0
7023,0
6827,0
421,0
2054,0
869,0
249,0
7041,0
1542,0
9189,0
8325,1
890,0
2590,0
4324,1
1098,0
8076,0
4127,1
1876,0
6033,0
1941,1
4325,0
6983,0
898,0
1890,0
6326,0
2651,0
8141,1
8885,0
1143,0
3580,1
9423,0
6186,1
8909,0
8114,1
5812,0
1506,0
6667,0
716,1
7652,0
5583,1
2329,0
3207,0
1417,1
3458,1
766,0
8594,1
7355,1
2808,1
2264,0
4657,0
3042,1
5801,0
6285,0
586,0
9362,0
9486,1
1322,0
2659,1
1615,1
1807,0
8953,0
6634,0
8737,1
3359,1
1964,1
9130,0
2398,0
7086,0
9005,0
301,0
3585,0
3645,1
6706,0
6476,0
4033,0
1859,0
5578,1
8241,1
7387,1
800,0
8922,0
1179,0
4006,0
1267,0
1187,0
7145,0
3461,1
5229,0
8992,0
1734,0
1137,1
7719,0
5891,1
8877,1
6729,0
4611,1
6349,0
878,0
6608,1
8363,0
8238,1
3439,0
6501,1
991,0
5115,0
8485,1
8941,1
1428,0
5386,1
7538,0
7549,0
5458,0
3345,1
6363,1
9182,1
4868,0
8760,0
5984,0
100,0
7959,1
6576,0
285,1
1993,0
6145,0
846,0
7031,0
8245,0
5644,0
9398,0
2576,0
1848,0
6640,1
8415,1
3245,1
3859,0
5799,1
7327,0
1729,1
633,0
2798,0
6225,0
4303,1
3677,1
2204,0
3614,1
1357,0
7909,0
2117,0
6012,1
3738,0
9140,1
9328,0
5491,1
4430,1
3219,0
3494,0
2214,1
2289,1
2944,0
5439,0
7798,1
2230,0
3871,0
7942,0
3466,1
458,0
1830,0
4062,0
3891,0
3060,0
2168,0
5352,1
9075,0
1302,1
5756,0
1974,1
4352,0
1086,0
4618,0
8273,0
2746,0
4057,1
8473,0
6527,1
6793,0
5065,0
721,0
7965,1
2290,0
5194,1
9283,0
318,1
4475,1
8943,0
6113,0
237,0
2263,1
1328,1
6863,0
916,0
795,0
8495,1
2068,0
746,1
4860,0
3420,0
4725,0
6153,0
4232,0
5884,0
2347,1
7924,1
2362,0
4576,0
1157,0
7371,0
8743,0
827,1
2186,1
8599,0
2765,0
182,0
5101,1
6324,0
2156,1
8012,0
8253,0
2752,0
4587,0
811,0
5598,0
6930,1
4226,0
4203,0
9373,1
3901,0
5230,0
2407,0
3203,0
1020,0
1557,0
6237,0
411,1
5857,0
510,0
4374,1
8186,0
2246,0
6595,0
5772,0
2559,0
1316,0
4153,1
9457,1
2202,0
221,0
8810,1
7431,1
4976,1
5935,1
520,0
2242,0
9108,1
6230,0
3767,1
3830,0
2954,1
8277,0
6235,0
4633,0
6755,0
1743,1
5668,0
5476,0
4083,0
9406,0
6336,0
4222,1
9419,1
3503,0
2863,0
850,0
6082,1
8118,1
3122,1
6601,1
7785,1
686,0
8123,0
145,0
9315,1
4490,1
6910,0
9087,0
5789,0
9497,0
6574,0
1027,0
6553,0
2598,1
1720,0
7761,0
5481,0
8220,0
5454,0
7349,0
2762,1
2980,0
3513,0
8827,0
4316,0
2623,1
3659,1
2888,0
8995,0
4462,1
2371,0
4799,0
2171,1
1116,1
1037,0
8439,0
6582,1
8090,1
6399,1
1343,1
1268,0
2421,0
4496,1
1552,1
6308,0
6995,0
8624,1
5163,0
5173,0
8315,1
4412,1
7717,0
2142,0
4949,0
2875,1
4748,0
1054,0
9414,0
8226,1
7591,0
5437,0
2105,0
9224,0
195,0
3102,1
3375,0
7478,0
8464,1
5202,0
6365,1
3484,0
425,0
8265,0
7891,0
3697,1
4050,0
7098,0
9478,1
1722,1
1468,1
1568,0
2199,0
2735,1
8201,0
8620,0
4376,0
5473,0
9284,0
8393,0
1305,0
8598,0
9259,0
3380,1
399,0
1850,0
1036,1
4281,0
4560,0
4144,0
5699,0
7712,0
4969,1
5530,0
2753,0
4021,0
1548,0
2853,0
4155,0
9488,1
7567,0
7494,0
7470,0
8171,1
5715,0
681,1
7519,0
6674,1
5299,0
3610,0
2389,0
4501,0
4492,1
765,1
5161,1
1879,1
7561,1
8886,0
6425,1
8391,0
8632,0
5327,0
2953,1
6589,1
235,0
6502,0
1485,1
750,1
6514,0
2520,1
7093,1
191,0
1881,0
5880,0
9376,0
6685,1
7078,0
8484,0
1982,0
3281,1
6833,0
7971,0
9332,0
7707,0
6357,0
3349,0
4505,0
8335,1
9313,0
1836,0
2740,1
4481,0
8748,1
1831,0
6809,0
2154,0
3015,0
2697,1
6451,0
558,0
2209,0
40,0
4982,1
6014,0
5936,1
508,0
8895,0
2865,1
7518,0
6008,0
4986,0
6816,1
5963,1
1129,0
3241,0
434,1
2197,1
4227,1
2939,0
8561,0
1298,0
7700,0
3804,0
5286,0
7294,0
6010,1
6438,1
3094,0
9169,1
2552,0
2479,1
4713,0
319,1
3930,1
7271,0
3698,0
1340,1
5517,0
3784,0
1592,0
5529,0
6917,0
3897,0
1359,0
1499,0
3279,1
7640,0
4386,0
96,0
4061,1
8805,0
3333,1
9368,1
9080,0
5283,0
7319,0
8626,1
1521,0
2913,0
7362,0
804,0
1791,0
604,0
7670,0
5735,1
2500,0
5190,0
6806,1
8722,1
6206,1
7408,0
7261,0
3552,0
6745,0
4919,0
2260,1
7468,0
2549,0
9300,1
6512,0
7699,0
8685,1
2613,0
7852,0
6431,0
1599,1
3682,0
8155,0
9286,0
1309,0
6126,0
1220,0
5795,0
2631,0
533,0
1440,0
339,0
708,0
9333,1
8129,1
6558,1
5753,1
3075,0
649,1
3264,1
7050,0
6063,1
4440,1
6578,0
4319,0
8745,0
5953,0
7628,0
8302,1
2955,0
6238,0
393,0
6599,0
7497,0
1042,0
1204,0
2497,0
4952,1
4553,0
3026,0
3684,0
4831,0
1799,1
5330,1
5314,0
370,0
1188,0
4169,0
6661,0
4570,0
2472,1
6679,1
2372,1
6115,1
2759,0
5125,0
2690,0
7216,0
3140,0
5475,0
2653,1
4955,0
1264,1
6866,1
2638,1
1339,0
4320,1
8546,1
4617,1
6716,0
108,1
1912,0
5004,1
2121,1
1101,0
4866,0
2816,0
1543,1
5535,0
7696,0
8556,0
9090,0
8229,0
5528,0
2051,0
3403,0
5733,0
8177,0
346,1
1611,0
2358,0
4160,0
1707,0
5945,0
7926,0
1946,0
9476,0
8429,1
6112,0
3829,0
7889,0
1183,0
4428,0
4522,1
8068,0
3718,0
7520,1
854,1
4744,0
5066,0
3041,1
4097,0
3342,0
1541,1
7592,1
2677,1
9057,0
6358,1
6881,0
9093,1
4491,0
2681,1
5073,0
738,0
9258,0
1863,0
3004,0
6672,0
6058,1
3790,0
5232,0
8533,0
7758,1
8920,0
3703,0
666,0
1688,0
5815,0
4852,0
5244,0
3161,1
7576,0
8797,1
7816,1
665,0
2450,1
8670,1
243,0
9173,1
6557,0
1026,0
1448,0
8841,1
3887,0
5345,0
3340,0
8701,0
1228,0
6121,1
3367,0
6327,0
5434,0
9339,1
5182,0
940,0
4706,1
6822,1
8636,0
3059,0
354,1
2461,0
3998,0
642,0
9117,1
3081,0
3500,0
969,1
3414,0
2570,0
6435,0
687,0
7525,1
5307,0
7383,0
699,1
6419,0
6895,0
2967,0
68,0
4882,0
7334,1
6850,0
1425,0
2040,0
611,1
7544,1
8514,1
9276,1
4309,0
2439,0
571,1
1951,1
4631,0
29,1
3941,0
1922,1
3820,1
4778,0
97,1
7179,0
519,0
1144,0
518,0
4056,0
2129,1
4914,1
3372,1
3299,0
6807,0
9238,1
4535,1
4970,0
7002,1
3448,0
1774,1
4193,0
3477,0
1271,0
1727,0
3278,0
7888,1
5210,0
8623,0
5840,0
3065,0
2151,0
8052,1
4467,0
5172,1
5520,0
2991,1
2992,0
4447,0
1612,0
1981,0
1562,1
8543,1
5450,1
4044,1
403,1
6350,0
5120,0
290,0
4333,0
3769,1
610,0
3022,1
5956,1
8574,0
1202,0
5100,1
8215,1
3493,0
6966,0
1418,0
3742,0
7249,0
5397,0
4666,0
6784,0
1551,0
7623,0
5661,1
6042,0
5771,0
4092,0
8744,1
7811,0
3306,0
5222,0
9500,0
6043,1
4562,1
7390,0
7266,1
1432,1
5726,0
8412,0
1332,0
3123,0
8700,0
990,1
6424,1
2449,0
8718,1
4849,1
1203,0
5492,1
4909,0
6743,0
1618,1
8036,0
4705,1
3926,0
7990,1
8185,1
1296,0
6555,0
4887,0
1701,0
7697,1
6239,0
3018,1
9242,0
6858,0
8954,1
5204,1
757,0
2138,0
3615,0
4810,1
5306,1
1652,0
5547,0
6457,0
8376,1
7228,0
1022,0
347,0
1600,0
3854,0
8696,1
5047,0
8535,1
1465,0
7461,1
5359,0
8773,1
3900,0
1280,0
9428,0
3174,0
3170,0
8928,1
115,0
1444,0
5538,0
965,1
6536,0
6412,0
2668,0
1186,0
3121,0
7632,0
8727,0
3154,0
3899,0
4126,0
7691,0
6132,0
790,0
5152,1
8871,0
5370,0
4432,0
531,0
6646,0
922,0
5996,0
2878,0
5768,1
1384,1
4204,0
2100,0
5324,0
7881,0
6859,1
9293,0
4902,0
4675,1
372,0
8462,0
7280,0
2973,1
6314,0
5684,0
7737,0
7753,1
2548,0
8971,0
8047,1
7400,1
2127,1
5423,1
5807,1
5958,1
8254,1
5800,1
8781,0
7350,0
5550,0
2989,0
3587,0
6907,0
2477,0
2835,0
2846,0
1100,0
6641,0
7764,0
1565,1
2730,1
4835,1
2776,0
2912,1
3660,1
7842,0
535,1
3001,0
75,0
6432,0
1472,0
2870,0
9004,1
9069,1
5235,0
6219,1
8765,1
7943,0
761,1
4916,0
7274,0
2037,0
4269,1
6949,1
3953,0
7954,1
3898,0
8530,0
8262,1
2356,0
4920,0
2255,0
8794,1
323,0
3027,1
6257,0
31,0
7537,0
3846,0
3630,0
3360,0
7139,0
7976,0
7655,0
5414,0
7229,1
3283,1
9015,0
6301,0
2152,0
6632,0
85,1
2777,0
5206,0
8285,0
5335,1
4031,0
3373,0
64,1
805,1
6992,1
8236,0
4959,1
431,1
2718,1
5155,0
6914,0
8460,0
1491,0
4878,1
8531,1
7210,0
6420,1
912,1
4963,0
7631,1
7688,0
1419,0
5747,0
1924,0
9220,1
4396,0
5922,0
5036,0
2094,0
7751,0
4893,0
1918,0
2917,0
8437,1
7937,1
3967,0
9436,1
5342,1
9342,0
2545,1
4910,0
70,0
4619,1
4434,0
1938,0
3048,0
6987,1
1872,0
5107,0
5642,0
6636,1
1805,0
1860,0
6154,0
5987,0
9297,1
3341,1
1578,0
6818,0
2654,0
240,0
6704,0
4967,0
6848,0
7278,0
5653,0
2567,1
6700,0
1710,1
8766,0
2080,1
2757,0
9185,0
5445,1
8013,1
6900,0
8202,1
8892,0
3987,0
2814,1
8173,1
4592,1
14,1
7905,0
1082,0
7776,0
423,1
7742,1
7524,1
4199,0
3937,0
4623,0
8890,0
3097,1
5177,0
824,0
4098,0
8089,0
6073,0
8480,0
9102,1
9036,0
8032,0
743,0
7252,0
1854,0
701,1
4746,0
6855,0
4670,1
9023,1
3653,0
7574,0
1617,0
8340,0
7774,0
5523,0
5703,0
3106,0
8866,0
1561,1
4383,0
1723,1
959,0
7817,0
2495,0
5167,0
2441,0
5900,1
5040,0
8540,0
2728,1
862,0
3764,0
4699,0
396,1
3869,0
5736,0
497,1
3457,0
7427,0
8681,0
2282,0
8167,1
5921,0
8601,1
2036,0
5546,0
8504,1
5181,0
2696,0
1096,0
9166,1
1730,0
7231,1
7498,0
8676,1
4879,0
8292,0
5643,1
6065,0
1199,1
3555,0
8567,0
1990,0
534,0
216,1
4931,1
3426,0
5042,0
8725,1
8593,0
6798,0
9114,0
414,0
3842,1
2501,0
7150,0
3863,0
7165,0
199,1
2097,0
7473,1
7562,1
8936,1
2193,1
8356,0
1146,0
5362,0
8617,0
9116,0
5401,0
3834,0
4128,1
2879,0
3139,0
8881,0
3879,1
7105,0
334,1
6946,0
1201,0
7606,1
6304,0
2743,1
3665,1
7899,0
7860,0
1097,0
6090,0
5023,0
2431,0
5940,0
8475,0
1285,0
2810,0
513,0
6579,0
7325,0
2410,0
5614,1
5850,0
9465,1
1842,0
67,0
8406,0
3527,1
8240,0
1590,0
1801,0
1519,0
1662,0
1515,1
7502,0
1422,0
83,0
1433,0
2608,0
8547,0
1563,0
8212,1
5034,0
5865,1
4992,0
3985,1
8499,0
200,1
2348,0
2414,1
9495,0
4004,0
5080,0
5946,0
7033,1
7496,1
5531,0
5619,0
8103,1
1496,0
4436,1
441,0
1913,0
7293,0
9306,1
2825,0
4821,0
9113,0
3296,0
8283,0
8233,0
747,1
4295,0
3945,1
6990,0
2699,0
1124,0
4231,0
1768,0
5877,0
8392,1
61,0
9444,1
7320,0
5024,1
5872,0
8837,1
1206,0
5281,0
3238,0
47,0
2911,1
1694,0
8269,0
440,0
8686,0
8082,0
2518,0
6190,1
9253,1
1085,1
2785,1
2179,0
1555,0
8250,0
8575,1
6787,0
5972,1
5348,0
1189,0
3772,0
2433,0
4040,1
1132,0
7439,0
2437,0
4479,0
5453,0
1002,0
8006,0
7317,0
9208,0
2584,0
5002,0
8801,0
2005,0
4381,0
1931,0
6281,0
481,1
2803,0
9319,1
7825,0
6998,0
23,1
3735,1
1212,0
1596,1
6593,1
5487,0
1010,0
5740,0
1629,1
3200,1
8874,0
8511,0
3168,1
5666,0
7731,0
8536,1
8625,1
7121,0
4962,0
9079,0
7389,0
6801,0
2172,0
7777,0
9272,0
3440,1
7463,1
4042,0
4750,0
9443,0
5415,1
2049,0
5881,0
2909,0
3243,0
6427,0
5435,0
3796,0
3421,0
4715,0
1119,0
3003,0
4876,0
5794,0
4195,1
1911,0
6087,1
2486,0
1361,1
3694,0
7094,0
4895,0
2800,1
1896,0
1218,0
5344,0
3781,0
5466,0
5413,1
9203,0
929,1
736,1
9134,0
2236,1
576,0
2238,1
4311,1
6697,1
9501,1
597,0
6078,0
7933,1
7173,1
4728,1
3130,0
2642,0
4682,1
2936,1
1865,0
3150,0
3280,0
2867,1
9348,0
8331,0
2970,0
1000,0
1308,1
4382,1
7826,0
1130,0
2733,0
2457,1
6894,0
1840,1
5695,1
7682,1
9451,1
1643,0
3046,0
9210,0
8503,0
5743,0
5262,0
3256,1
265,1
5187,0
276,1
6410,1
4608,0
834,0
7769,0
6032,0
5806,1
1965,0
8457,0
3992,0
9164,1
2241,1
4796,0
3704,1
3129,1
9065,1
8383,0
6207,1
7887,0
171,0
6945,0
1222,0
6955,0
8489,1
560,0
1226,1
5178,0
7423,0
979,0
714,1
95,1
3843,0
685,0
3683,1
753,1
2763,0
4948,1
1935,1
3949,0
4737,0
5959,0
3862,0
6242,0
1114,1
4027,1
8714,0
2334,0
7517,0
1833,0
5798,1
8749,1
8373,1
6926,0
4719,0
1360,1
7746,0
5979,1
117,1
6504,1
4438,0
3411,0
3777,0
7147,1
9064,0
150,0
7340,1
629,1
5914,0
179,0
4733,0
9073,1
8258,0
7853,1
1627,1
4630,0
9013,0
6339,0
9123,0
4873,1
8609,0
6550,0
5964,1
7514,0
3410,0
1510,0
5035,1
4537,1
3472,0
7264,0
494,0
8375,0
365,0
7096,1
2907,0
1205,1
5412,0
7521,1
2110,0
2009,0
186,0
2417,0
6017,0
4487,0
6567,0
3402,0
5729,0
1192,1
6840,1
5353,1
3353,0
7487,0
5048,0
2352,0
8633,0
7773,1
9121,0
7513,0
7978,1
1526,0
6770,0
1942,1
7108,1
8069,0
6796,0
1475,0
6941,1
4429,0
4317,0
669,1
6620,0
4259,1
8157,1
7382,1
9267,1
6888,1
86,0
491,0
2773,0
8196,0
8787,0
8053,1
6141,0
3323,0
3948,0
8399,0
6997,1
3773,1
5058,0
3529,1
25,0
2223,0
1765,0
2656,1
4444,0
6244,1
3821,1
5818,0
7639,0
12,1
4738,0
692,0
5685,1
6986,0
8369,1
7276,0
4306,0
5462,0
8669,0
6157,0
7613,1
205,1
6920,0
4371,1
7907,0
7485,0
4807,1
8876,1
5855,0
8988,1
2945,0
774,0
5629,0
3180,0
596,0
900,0
5169,0
9159,0
9161,1
4099,0
212,1
8793,1
5751,1
4418,0
2758,1
3502,1
7178,0
7512,0
1459,0
380,0
8835,0
8555,1
7345,0
8387,1
8094,0
8939,1
353,1
7352,0
1299,0
4884,0
9458,0
2534,0
1920,1
5676,0
9112,0
6183,0
1451,0
8649,0
7851,1
4531,0
3028,0
4340,0
7530,1
1650,0
3291,0
6683,0
9379,0
5638,1
5689,1
4261,1
3673,0
783,1
2070,1
4575,0
7287,0
573,0
3205,0
8559,0
2187,0
5275,0
2630,1
4343,0
3232,1
6970,0
4052,0
5300,0
4294,1
2183,0
6621,0
7131,1
461,1
8116,0
4037,1
1076,0
8549,1
8486,1
8932,0
1077,0
5910,0
3023,1
1595,0
9335,1
466,1
6954,0
2341,0
38,1
879,0
4696,0
8004,0
71,0
8364,0
2795,0
6414,0
7657,0
6074,0
6415,1
8231,0
6837,1
5521,0
5559,0
502,0
4950,0
473,1
4474,0
702,0
3495,1
3644,1
472,1
7291,0
1005,0
3831,0
2612,0
891,0
7372,0
2232,1
8791,0
1814,0
6723,0
5431,1
8049,0
703,0
7673,0
1692,0
859,0
3771,1
3600,0
2082,0
3100,0
9446,1
6346,0
3251,0
1088,0
299,1
8844,0
4912,1
2313,0
1431,0
3805,1
4486,0
8704,0
8613,0
2919,1
2258,1
5151,1
655,0
1289,0
4588,0
136,0
1678,1
3442,0
2277,1
3548,0
7586,0
1943,0
8232,1
1944,1
5754,0
1575,0
3724,0
1170,1
30,1
2675,1
3750,0
877,1
1573,1
5329,0
1488,0
5989,0
3754,1
3533,1
3690,1
344,0
6286,0
1828,0
2448,0
5569,0
3832,0
4773,1
8629,0
1242,0
4132,0
5630,0
9350,0
971,1
9464,0
433,0
1251,0
3262,1
3723,0
9131,1
836,0
5085,1
4913,0
6413,1
4326,1
8996,0
4249,1
648,1
5029,0
9296,0
103,0
8430,0
3284,1
46,0
9063,1
7762,1
5452,0
4139,0
3221,0
6521,0
1216,0
5049,0
1616,0
2529,1
563,0
3051,0
3934,0
8417,0
2487,1
4177,1
8736,1
3519,0
4823,0
282,0
1927,1
844,0
1846,1
7674,0
1547,1
9385,0
9499,1
5502,1
3940,0
1603,1
4695,0
6605,0
3885,0
3399,0
9479,0
8916,0
324,0
1033,0
6454,1
7129,0
2828,0
3242,0
6023,0
9225,0
6005,1
5783,0
5298,0
2709,0
4905,0
8724,0
7967,1
8899,0
9019,1
9032,0
1614,1
8318,0
2302,0
2015,1
3045,0
3172,0
6824,0
5930,0
6814,0
65,0
1689,1
7676,0
6054,1
8977,0
6313,0
6602,0
6975,0
4483,1
9086,0
4749,0
784,0
3055,0
4173,0
6099,1
4567,0
2963,0
764,1
1227,0
6469,0
2205,1
8935,1
3654,0
8343,1
5113,0
6140,1
2490,0
8314,1
3259,0
6442,0
3138,0
8198,0
7222,0
3575,0
4090,0
4398,0
2493,0
7333,0
5193,1
8706,1
8007,0
1673,1
9494,1
5833,1
6179,0
1479,0
5886,0
7141,1
7267,0
5544,1
8409,1
2701,1
8539,0
9338,1
8679,0
8963,0
6120,0
5447,0
6026,0
4900,0
3579,1
4392,0
3648,0
9449,0
3025,0
6370,0
2770,0
2392,0
3565,1
6,1
9054,0
6215,0
6328,0
3997,0
2305,1
4503,1
1824,0
1133,0
2107,0
7234,0
209,0
5192,0
5226,1
3071,0
4012,0
7016,0
8410,0
9270,1
8717,0
1495,0
875,0
3315,1
7879,0
1408,0
4118,1
2200,1
5295,0
7191,1
1718,1
2902,1
280,0
4771,0
4026,1
7550,0
1481,0
2600,0
9247,0
4826,0
335,1
3120,0
9453,0
3155,0
8906,0
2134,1
3916,1
2649,0
215,0
7663,1
4260,0
7224,1
2581,1
5499,0
3639,1
412,1
4804,0
9278,1
4373,0
4387,0
1763,0
4401,1
4103,0
7032,0
7367,0
819,1
6846,0
3739,1
3413,0
6566,0
5494,0
5845,0
577,1
4215,0
1594,0
2915,0
8390,0
4820,0
9345,0
9046,1
2113,0
5111,0
7791,0
8661,0
7883,0
471,1
5622,1
6780,0
933,0
3404,1
1370,1
6377,0
5518,1
9176,0
1060,0
6844,0
9471,0
5375,1
5662,0
4669,1
6306,0
5363,1
1458,1
5961,0
2895,1
6741,0
7733,0
4048,0
386,0
1916,1
9364,1
2672,0
8821,0
7739,0
3148,0
698,0
364,0
4266,1
8577,1
930,0
2489,0
720,1
3346,0
7675,0
6927,0
2338,1
6961,0
6559,0
3044,1
6680,0
9372,1
7588,0
1642,0
5929,0
635,0
5310,0
1620,0
7506,0
3379,0
6703,0
3632,1
7627,1
1721,1
1875,0
1680,1
8491,1
3542,0
4414,0
4208,0
4609,0
7312,1
7374,0
4665,1
5250,1
4585,0
2478,0
9142,0
2899,1
1141,0
3152,1
5006,0
3347,0
8427,0
6428,0
7253,0
8266,0
6751,0
4413,0
2688,1
662,0
3795,0
1771,1
8145,1
3932,1
1473,0
9442,0
6666,0
7873,0
8323,0
1249,1
8244,0
373,0
7603,0
2841,0
1230,0
1894,1
2941,0
6387,0
9162,0
5669,1
6136,0
5294,0
8756,1
2669,1
1166,0
3190,0
5862,0
9095,1
8667,0
4874,0
18,0
4754,0
526,0
1259,0
6181,0
3530,0
328,1
6292,0
6035,1
1658,1
2184,1
220,0
3244,0
3394,0
5311,0
463,1
3313,1
9239,0
3445,0
8937,1
8672,0
3274,1
3105,1
8482,0
9180,0
1777,1
5899,0
4571,1
5804,0
587,0
4055,0
3572,0
5974,0
6288,0
4323,0
3089,0
6862,0
7587,1
7166,0
2551,1
2295,0
9192,0
126,0
7528,0
258,0
9430,1
6542,0
2221,0
5242,1
3002,0
2234,1
3460,0
8256,0
503,0
4817,0
8646,0
3468,1
7854,0
6906,1
7564,0
1113,0
1401,1
408,0
5897,0
2686,1
7698,0
7373,0
8573,0
1365,0
2074,0
3965,0
3994,0
2492,1
312,0
4355,0
7479,1
5870,0
4142,0
5636,0
810,0
8014,1
3509,0
6591,0
6168,0
4766,0
5849,0
310,0
5869,0
3271,0
3816,0
8843,1
6076,0
5737,0
6506,0
1149,1
693,0
3836,0
1034,0
4191,1
3633,1
4566,1
4148,0
4263,1
5675,0
4397,1
4790,1
1392,0
5908,1
3978,0
2375,1
4797,1
5130,0
5238,0
8592,1
6627,1
7386,0
330,1
7656,1
2812,0
9344,0
9028,0
776,0
2921,0
1106,1
5189,0
4548,0
6020,0
7617,0
6069,1
6275,1
8306,0
2108,1
3925,0
995,0
2013,1
4018,1
5277,0
1326,0
2175,1
4636,1
9271,0
997,1
7335,0
3260,1
3647,1
7763,0
798,0
6152,0
6660,0
5303,0
1334,0
1111,0
6808,1
7724,0
8903,0
3196,0
3255,0
9205,1
2591,0
359,0
4220,0
2974,0
1023,0
3273,0
6484,0
1413,0
8405,0
4708,0
7975,1
6267,0
6191,0
2337,0
1781,0
6952,0
6232,0
2903,1
7215,0
8472,1
1959,0
5635,0
612,0
8926,0
4966,1
4023,1
3607,0
8024,0
9089,0
8976,0
7043,0
5866,0
5657,1
6664,0
8192,0
8898,1
4328,0
5718,1
5440,0
1248,0
2993,0
8569,0
5567,0
8442,1
3227,1
8413,0
7748,1
7522,0
5368,0
9356,0
3721,1
6790,0
4627,0
2022,0
9490,1
1236,0
2791,0
8003,0
7595,1
9148,1
6119,0
2467,0
6172,1
5428,1
4010,0
7672,1
7306,0
4068,0
1904,0
5347,0
6149,0
3240,0
773,0
3181,0
153,0
2784,0
9206,1
3329,0
1714,1
4565,0
6520,1
327,1
4494,0
4464,0
7819,0
275,1
7770,1
6653,1
618,1
2864,0
8584,0
8660,1
5084,0
7532,0
4282,1
6097,0
3326,0
7556,0
5844,0
4716,0
2950,0
6708,1
3087,0
4237,0
3257,0
9246,0
8513,0
4338,0
1778,0
8000,1
5360,1
1351,0
4964,0
5022,0
244,0
9103,0
1708,1
8563,1
5848,0
2041,1
1378,1
9221,1
7599,0
6264,0
512,0
4310,1
7515,0
4250,0
6280,0
4864,0
4643,1
2135,0
4065,0
9327,0
8544,0
2972,0
208,1
1103,0
5982,0
2256,0
6725,0
6038,0
4680,0
7913,0
6171,0
4283,0
7471,1
8645,1
8750,1
6473,0
9156,0
8635,0
7415,0
2303,1
9011,0
6380,0
5660,0
8044,0
6737,0
3488,0
7841,0
4936,0
300,1
935,1
7246,0
516,1
7989,0
672,0
2790,1
3109,0
7445,1
1772,1
6462,0
2057,0
8294,0
2569,0
2796,0
6575,1
3422,0
2517,0
5468,0
3749,0
5449,1
2355,1
3849,0
2629,0
8833,1
2644,0
7034,0
8984,0
5149,1
54,0
8396,1
2556,1
6468,0
7112,1
3827,1
453,0
3951,0
474,0
9045,0
7837,1
9468,0
6367,0
4718,0
4815,1
6341,1
3304,0
762,0
8908,0
4837,1
3338,0
5338,0
5390,0
1067,0
1292,0
9149,0
160,0
5966,0
8424,0
2793,0
3761,0
2111,0
5641,0
5234,0
5673,1
4498,0
3057,1
2253,0
4929,0
2626,0
9137,0
5977,1
8690,1
9071,1
2320,0
1659,0
8703,0
4253,0
5843,0
840,1
1490,0
9154,1
9470,1
1341,0
6936,0
6984,1
9099,1
7184,0
5562,0
2288,0
7364,0
5052,0
4594,1
2056,0
7001,0
536,0
6271,0
5541,1
98,0
4110,1
7654,0
5319,0
3858,0
5933,0
3391,1
4242,0
8959,0
3489,0
9145,1
7484,0
5284,0
1897,0
8897,0
4106,0
6031,0
1446,1
9012,0
511,0
3225,0
1196,0
5839,0
6175,0
1762,1
7013,0
7868,0
8778,0
8716,0
124,0
4832,1
5533,0
7225,1
1315,0
6979,1
4637,0
4082,0
9017,0
6903,0
2554,0
6957,0
5153,0
7886,1
6934,1
4268,0
6383,0
2900,0
5385,0
3520,0
8176,0
1806,0
7199,0
7792,0
2932,0
8213,1
8490,1
2115,0
8454,1
264,0
8771,0
8974,0
3581,0
8692,0
3101,0
4019,0
2466,1
6865,0
2226,0
4350,0
4366,1
3230,0
7263,0
7935,0
1430,0
852,1
7190,0
6892,0
4307,0
4322,0
2858,0
1999,0
734,0
1493,0
7728,0
5542,0
896,0
5318,1
9091,0
1793,1
1126,0
2339,0
2934,0
6800,0
5985,0
8999,1
2147,0
1716,0
4087,0
6317,1
7462,0
6652,0
6359,1
2391,0
1122,0
3456,0
7062,0
8107,1
5565,0
9388,1
2658,0
6395,0
3841,0
4271,0
5090,0
793,0
8446,0
4552,0
9160,0
6361,0
841,0
4528,1
2958,0
4658,0
5037,0
4857,0
6684,1
2706,0
8642,0
2124,1
4015,0
2165,1
7450,0
7956,1
9359,0
486,0
6971,1
2482,1
3248,0
3958,0
4855,0
2848,1
8300,0
9407,0
8084,0
4143,1
4871,1
9502,0
281,0
4488,1
4644,0
7197,0
1331,1
4679,1
2662,0
8808,0
48,1
1855,0
5846,0
4104,1
4782,0
457,1
2571,1
4584,0
9083,0
8355,1
3974,0
7275,1
1003,1
6369,1
1711,1
483,1
7531,0
4395,0
1355,0
6508,0
6114,1
4640,0
3031,0
5720,1
7827,0
6293,0
4596,1
4115,1
6766,1
5403,1
6647,1
426,0
4407,1
6950,1
7146,0
8913,1
2636,0
3856,0
2139,0
5168,0
9477,0
9256,0
9321,0
3079,0
2353,0
3957,0
9082,0
5416,1
2330,0
5691,0
5064,1
802,0
5990,0
7824,0
81,1
6678,0
6775,0
4393,0
5702,1
6773,0
8042,1
9340,0
8347,1
8867,0
1880,0
2419,0
5388,1
2872,0
4707,0
1996,0
4476,1
8481,1
7214,0
6524,0
2564,0
8966,0
6382,1
1697,1
116,0
3589,0
7611,1
4911,0
1767,0
6718,1
6922,0
9255,0
7046,0
6330,0
3528,0
4734,1
484,0
4210,0
6305,0
8298,1
6067,0
6160,1
5033,0
6638,0
3013,0
2714,0
1,1
2004,1
8423,0
4937,0
2898,1
2426,0
919,1
7843,0
1182,0
5448,1
7491,0
5001,1
6529,0
7624,0
880,0
726,1
1516,0
2604,0
8964,1
4534,0
6556,0
3,0
4339,0
8534,0
947,0
838,0
1142,1
4161,0
2546,0
7810,1
49,0
6516,0
8478,1
2924,0
1055,0
4580,0
8346,0
6351,1
8783,0
257,1
6102,1
1167,0
2587,0
1346,1
5373,0
7833,0
6204,0
1929,0
3731,0
7299,1
5343,1
6615,1
3663,0
437,0
1664,0
1818,0
4597,0
2311,1
33,1
5426,1
1992,0
5117,0
165,0
6224,0
4752,1
8360,1
1576,1
3531,0
7467,1
1674,1
3083,1
6426,0
16,0
3972,1
7238,0
951,0
269,1
2543,0
7504,0
8467,0
5590,1
5424,0
4692,0
3955,0
2469,1
6105,1
907,0
2719,0
5400,1
5516,0
660,1
5681,1
2804,0
4513,0
5826,0
2381,1
7653,0
7754,1
404,1
6650,0
2978,0
9416,1
8096,1
1800,0
9323,1
6944,0
7360,1
3020,0
5183,0
4466,0
7630,0
6460,1
7438,0
742,0
2713,1
8994,0
7000,0
462,0
1442,0
1158,1
2122,0
3444,0
2285,0
3622,1
7542,0
7413,0
2905,0
5728,0
4039,1
7771,1
2514,0
9330,0
4419,1
1043,0
6015,1
2219,0
6143,0
6011,1
260,0
6089,1
9412,0
6804,1
2031,0
7084,0
4425,0
4524,0
1155,0
9119,0
1690,1
6847,0
7025,0
2748,1
5593,0
7040,0
9463,0
2038,0
1336,0
9252,0
6832,0
5581,0
1540,0
6867,0
7026,0
6463,0
3573,0
4041,0
6394,1
1456,0
4795,1
3917,0
5251,1
4698,0
4167,0
8981,0
6659,1
1984,0
2112,0
2755,1
936,0
7196,0
3218,0
9363,0
1245,0
7998,0
1821,0
1560,0
7508,1
6691,0
7456,1
6291,0
3300,0
445,0
4511,0
3962,0
5631,0
3011,0
7440,0
4075,0
223,0
6228,0
1963,0
7123,0
3910,1
7557,0
5770,1
361,0
9151,0
432,1
9375,0
1453,0
2379,0
2271,0
9179,0
8507,1
9184,0
6689,1
6034,1
6849,0
4071,1
1979,0
8552,0
3929,0
7499,1
9311,0
5486,0
3813,0
230,0
6699,1
5249,1
4145,0
7169,0
6125,0
6552,1
8106,1
1039,1
4526,0
2983,1
808,0
4743,1
7153,1
175,0
7119,0
7503,0
908,0
7679,0
6459,0
6277,1
2293,1
1482,0
7330,0
5986,0
4236,0
99,1
1407,0
826,0
1001,0
5302,1
5503,0
5993,0
6548,1
4252,0
2827,0
4603,0
9245,1
3918,0
2416,0
1790,1
7104,0
8666,1
6943,1
1257,0
8395,1
6338,0
1949,0
5008,1
1546,0
1715,0
9431,0
4198,0
5758,1
2425,0
1961,1
120,1
8978,1
551,1
6103,0
2723,0
4045,0
4335,0
400,1
1117,0
5417,0
1424,0
7177,0
3141,0
3377,0
4791,1
6526,0
9177,0
9263,0
287,1
7963,0
8606,1
3217,1
9257,0
1936,1
159,1
409,0
1325,0
5131,1
1195,0
6891,0
7643,0
5076,0
7014,1
6279,0
9371,0
340,0
7609,0
6386,0
2496,0
7103,0
4209,0
8752,0
259,0
8221,1
4997,1
1314,0
1858,1
8142,0
4426,0
93,0
3117,0
863,0
5265,1
4008,0
1483,1
6440,1
4277,0
7534,1
5138,0
7182,0
6805,1
8133,0
5162,1
1640,0
6996,1
7475,1
7057,0
388,0
3807,1
391,0
1917,0
8416,0
1769,1
7985,0
4291,1
8366,0
1724,0
3857,0
3072,1
5938,0
4229,0
4951,0
5464,0
2373,0
3239,0
1958,0
1374,0
7605,1
8628,0
2109,0
2550,1
142,0
4403,0
5485,0
2527,1
5624,1
198,0
682,0
224,1
122,0
8136,0
7695,0
1338,1
4688,1
1766,0
2394,0
8803,0
401,0
7701,0
308,1
6434,0
5694,0
4543,0
541,0
9309,1
7132,0
598,1
5501,0
469,0
785,1
4724,0
998,1
4460,0
8048,1
530,0
3290,0
2637,0
602,0
1235,0
8278,0
8330,0
5214,0
8658,1
9400,0
371,1
4634,0
3469,0
7970,0
8059,1
6596,1
2824,0
6498,0
8322,0
847,0
3874,0
7982,0
5975,0
7740,1
3431,1
5594,0
2224,1
982,0
2091,0
8110,0
4421,0
3362,0
5097,0
7297,1
809,1
5407,0
7635,0
7137,1
9260,1
6713,0
464,0
1864,0
4943,1
3336,0
5371,0
6147,1
3748,0
5960,0
6041,0
1061,1
305,1
1411,1
1125,0
7102,1
1665,0
4690,0
1466,0
376,1
1956,0
4100,1
4678,0
5469,0
7309,1
695,1
505,0
7536,1
4577,0
2294,0
2595,1
3305,1
6158,0
4146,1
4659,0
706,1
8764,0
3593,1
3076,0
6791,0
478,0
9143,0
7493,0
3782,0
902,1
8156,0
3835,0
1837,0
8002,0
7803,0
1980,1
3549,0
3052,0
5134,0
5103,0
154,1
7298,0
4175,0
2229,0
8398,0
7667,0
9212,0
7195,0
8113,0
5451,0
5917,0
6522,0
820,0
6053,1
8222,0
7787,0
1283,0
6092,0
5741,0
2641,0
4983,1
7720,0
69,1
6213,0
7212,0
7847,0
6135,1
5841,0
5560,0
7416,0
5551,0
6482,0
222,0
678,1
1161,0
1523,0
8122,1
4702,0
4808,0
1739,0
2247,1
5498,1
5916,1
7106,0
3496,0
591,0
2530,0
5176,1
8739,0
8276,0
3557,1
5013,1
2458,0
4827,0
8671,1
8982,1
9035,0
6318,0
3689,0
7823,0
1156,0
204,1
7134,0
7992,0
5672,0
617,0
4299,0
2029,1
6316,1
9115,0
8688,0
5714,0
575,0
8665,0
8189,0
5639,0
8782,1
1281,0
167,0
2647,0
1102,0
9183,0
1024,1
1031,1
8880,0
1955,0
735,0
1570,0
8408,0
1871,0
5358,1
8031,0
3745,0
3435,1
4287,1
4645,0
2300,0
1531,0
2525,0
9433,0
6974,0
3880,0
9215,0
8345,0
7115,1
9341,1
3907,1
6518,0
8678,0
7304,0
2098,0
7406,0
1584,0
9202,0
7370,0
845,0
4800,0
9044,1
8746,0
7797,0
3206,1
6972,1
4218,0
2281,0
780,0
8385,0
3246,0
7749,1
5540,0
7208,0
2131,1
1238,0
1971,1
6896,1
3113,0
24,0
5114,0
7245,0
2387,0
7066,0
2440,0
8105,0
9369,0
4990,0
5968,0
3393,0
7126,0
2050,0
8471,0
9072,0
9417,0
5320,1
192,0
8566,0
2766,1
52,1
3310,1
4906,1
2325,0
5377,0
405,0
7718,0
632,0
4723,0
8568,0
7885,1
4298,1
3327,0
1040,0
39,0
9365,0
1796,1
3132,0
4347,0
2429,0
1118,0
3061,0
3717,0
2114,0
7270,0
6503,1
7765,1
2344,0
932,1
7929,1
1646,0
1660,0
1008,1
4273,1
4301,0
1732,0
8945,1
4673,1
7071,0
6714,0
6173,0
6947,0
6104,0
358,0
8767,0
467,0
1504,0
5205,0
3695,1
229,0
8287,0
1717,0
3231,1
143,1
7600,1
4485,0
7893,1
4572,0
5384,0
4672,0
3961,1
8654,1
5571,1
3592,0
7217,0
306,1
8774,1
768,0
7482,0
4622,0
5592,0
8073,0
1015,0
383,1
66,0
620,1
1290,0
4516,0
6989,1
172,1
1324,1
9307,0
3361,0
1915,0
4939,0
5455,0
1737,0
4066,1
8284,1
2643,0
6156,0
3868,1
3352,0
2053,0
6929,0
4848,1
5471,1
4399,0
8295,0
5126,0
2769,1
985,1
1866,0
6388,0
1400,0
4759,0
1857,1
2519,0
449,1
8930,0
8605,0
5460,0
1553,0
7738,1
5532,1
8124,1
3553,0
8990,1
3601,1
1319,0
3799,0
341,1
8545,0
2208,1
865,0
419,1
9092,0
8151,0
4523,0
6629,1
6231,0
2666,0
4267,0
3335,0
8682,0
4108,0
671,0
134,0
630,1
9459,0
227,1
548,0
7060,0
574,1
5482,0
843,0
7202,0
1501,0
6731,1
4014,1
4159,1
3250,0
4668,0
3093,0
4243,1
4296,1
1903,1
1057,1
8379,1
542,0
6013,0
7582,0
1856,1
2455,1
4892,0
1373,0
2507,1
4445,1
7289,0
382,1
2715,0
1756,1
3980,1
3912,0
2687,0
415,0
6446,0
2802,1
9125,0
4579,0
6040,1
1630,1
1345,0
206,0
4816,0
2164,0
9126,1
8050,0
8111,0
7850,0
1804,1
7782,0
8952,1
3451,0
8216,0
1318,1
4330,1
7540,0
5791,1
3492,0
5321,1
1364,0
3616,0
8553,1
641,0
8668,0
9191,0
5545,0
4246,0
3134,0
9322,0
2606,0
2780,1
2017,0
8206,0
6817,0
4134,0
1369,0
8075,1
3408,1
4527,0
1438,0
1041,0
8738,0
8225,1
2402,1
5769,0
8208,0
6210,0
4280,0
5918,0
420,0
7392,0
1256,0
2266,1
9460,0
3621,0
2254,0
7735,1
3307,0
4731,0
8195,0
8461,1
1687,0
8187,1
1414,0
4354,0
7786,0
1406,0
8353,0
4880,1
7979,0
853,0
2213,0
3332,0
9310,0
4805,1
331,0
4803,1
8324,0
8970,1
6507,0
6948,0
6458,0
3855,0
3872,0
9343,0
381,0
5573,1
6211,1
623,1
1172,0
5405,0
7807,1
4971,0
5488,0
8143,0
4847,0
2988,0
2562,1
6185,0
1377,1
4163,1
9318,0
8653,0
5263,0
7845,0
8944,1
5374,0
5420,0
7772,1
424,0
6491,1
7483,0
8740,1
6373,0
858,1
5122,0
322,1
6478,0
3270,1
5920,0
3371,0
7941,1
9106,1
429,0
8986,0
8923,0
6810,0
1989,0
6331,0
3253,0
8015,1
8351,0
3478,0
4140,1
3030,0
7969,0
8441,1
6343,0
1460,0
9262,1
7018,0
2750,1
326,0
5132,0
3643,0
3875,0
6433,1
8887,0
2616,0
8498,0
6977,0
4256,0
1232,0
727,1
6604,0
8595,1
1423,0
3668,0
1926,1
2671,0
7170,0
8303,1
5651,0
2191,0
3852,0
8299,0
5270,0
7417,0
3131,0
2090,0
8965,0
1356,1
5200,0
3909,1
101,0
3040,0
931,1
6662,0
7236,1
357,1
2349,0
4506,0
2025,1
2884,1
7809,0
7862,1
5892,0
789,0
6477,1
9127,1
8008,0
5608,0
5017,0
6079,1
2818,0
4593,1
9440,1
3946,0
4000,0
184,0
3652,0
5904,1
2881,0
5443,0
247,1
950,0
5907,0
5334,1
3433,0
572,1
4051,0
5411,0
3285,0
6379,0
1136,1
8691,0
5028,0
1536,0
2249,1
6500,0
4165,1
6208,1
6495,0
8789,1
570,1
4843,0
1940,1
133,0
797,0
6376,0
8361,0
493,0
1278,0
4478,1
34,1
3674,1
3676,0
2516,0
439,0
4205,0
8474,0
1749,1
593,1
6096,0
9209,0
8608,0
7921,0
3988,0
3146,0
8792,0
4308,0
555,0
6001,0
4710,0
2528,0
2541,1
7047,1
711,0
7399,1
8715,0
2521,0
5858,1
9401,1
6464,0
3501,0
7429,0
5121,0
6176,1
2727,0
3759,0
5515,0
1367,0
7273,0
7109,0
6068,0
1163,0
5285,0
7974,0
3321,1
7384,0
5349,0
622,0
252,0
2977,0
3425,0
4652,1
3617,1
3038,0
6251,0
5786,1
3104,0
4002,0
8034,1
8228,1
2579,0
3599,0
6991,0
3762,1
6036,0
2883,0
6688,0
4756,0
5928,1
2360,0
7342,1
6752,0
1062,0
8018,0
6677,1
6106,0
4629,0
3981,0
579,0
9027,0
5976,0
5463,0
3757,0
6391,1
1348,0
4456,0
6531,0
729,1
8188,0
13,0
3202,0
3112,0
162,0
3640,1
8402,0
5625,1
6472,0
994,0
7812,1
5339,1
2408,1
9168,0
8140,0
1681,1
1566,1
5128,0
1371,0
5757,0
8242,0
2261,0
7448,0
3194,0
8775,1
6134,1
4112,0
5240,0
8401,1
9432,0
1583,1
4569,1
3675,0
406,0
1888,0
710,1
7459,0
4856,0
3619,0
3603,1
5071,1
1507,0
4185,0
8432,0
2287,1
3634,0
7999,0
5890,1
3118,0
6643,0
3036,0
5777,1
3183,0
5432,1
957,0
7871,0
2333,1
6393,0
6453,0
367,1
4961,0
1632,0
6274,0
1467,1
6347,1
4038,0
4353,0
4290,1
4924,0
7244,0
1535,1
4839,0
6139,1
6912,0
6155,0
9198,0
9014,0
5878,0
1610,0
7815,0
3758,0
3920,0
6475,1
9391,0
32,0
4883,0
3427,0
8329,1
3696,0
1244,0
4346,1
6788,0
4284,1
2650,0
540,1
1484,0
6631,0
628,0
3803,1
7073,1
407,1
8946,0
8780,0
5444,1
9484,1
333,0
4437,0
5225,0
3752,0
4844,1
7385,1
6530,0
266,0
5075,1
4554,0
5425,0
1073,0
1241,0
4563,1
8332,0
1344,0
127,0
261,1
1994,0
4989,0
485,1
3995,1
3302,1
2510,0
9483,0
9395,0
2920,0
7083,1
5895,0
3562,0
3908,0
7608,1
7516,1
7005,0
6243,0
9434,0
2207,1
5016,0
7732,0
7472,0
4113,1
7778,0
8293,1
1886,0
2102,1
3564,1
2640,1
8522,0
6060,0
3726,0
2413,0
1072,0
713,0
8862,0
1429,1
4029,1
2396,0
1619,0
6709,0
5391,1
8705,0
8205,0
7114,1
3776,0
2073,0
5825,0
4557,0
5709,0
3839,1
6488,1
585,0
7447,0
2547,0
4358,0
151,0
8382,0
387,0
2511,1
8403,0
5506,1
1644,0
9308,0
226,0
1402,1
6162,0
6560,1
8814,0
8190,1
5620,0
4391,1
7612,0
5340,1
6889,0
5821,1
559,0
7981,1
5288,0
2177,0
5817,0
9201,0
1895,0
5648,1
5000,0
53,0
7734,0
4996,0
645,0
6757,0
8421,0
2794,0
4085,0
5556,1
6392,0
4836,0
442,0
8062,1
4394,0
8960,0
7977,0
7575,0
8459,0
8806,1
8719,1
5640,0
7903,1
9336,0
9366,0
5781,0
5402,1
1007,0
1254,0
2619,1
4654,0
8985,1
8917,1
8127,0
5727,0
6270,0
6658,0
89,1
2361,0
7840,0
1434,0
3064,0
2007,0
4063,0
6509,0
15,0
8091,0
9461,0
5752,1
7430,1
7035,0
4183,0
9320,0
436,0
7602,0
5784,1
3765,0
8834,0
7058,0
2741,0
4610,1
1231,1
3952,0
7878,1
3160,0
4264,0
9299,0
1164,1
5484,1
2588,1
8358,1
9107,0
3265,0
9109,0
5280,0
7223,0
7864,0
3103,0
4667,0
691,1
9383,0
1733,1
2860,0
7375,1
123,1
581,1
9144,0
2162,0
5248,1
1817,0
3931,0
5778,0
6046,0
6342,0
2494,1
2459,1
1388,1
872,0
3655,1
2081,0
2771,0
4925,1
4757,0
2568,0
4196,0
4241,1
1820,0
201,1
446,1
6200,0
2167,1
7422,0
1449,0
4034,1
4601,0
2646,0
1354,0
2544,0
4635,1
490,1
4591,0
2694,1
6618,0
377,0
9448,1
3343,0
7500,0
5504,0
3269,0
5991,1
4904,0
1148,1
7752,0
8564,0
3376,0
777,1
3558,0
2951,0
5059,0
7865,0
550,0
2280,0
1494,0
7781,0
5459,1
2764,0
2451,0
8448,1
5393,0
7455,0
7011,1
4547,0
2822,0
7155,1
2003,0
7949,1
5346,0
8104,0
7908,0
1967,1
3400,0
9295,0
3192,0
7451,0
6091,1
3417,0
1822,0
3532,1
185,1
925,0
4138,1
7583,1
1169,0
7684,1
5775,0
8687,0
2914,0
5942,1
8483,0
2535,0
8823,1
4650,0
6260,1
8074,0
7454,1
5124,0
7945,0
8279,0
2722,0
7381,1
2284,0
2189,1
4794,1
5274,1
2143,0
8731,1
7391,0
8419,0
3559,0
164,1
9068,0
2159,1
6670,0
601,0
3760,0
5474,0
9009,1
1648,0
8662,0
8579,0
4604,0
3999,1
8541,0
6879,0
5422,0
8770,1
87,0
8449,0
1380,0
7366,0
983,1
7339,1
203,1
3631,0
1445,0
4573,0
4154,0
5647,1
3143,1
6758,0
741,1
8948,1
2787,0
2307,1
4927,0
7968,0
1404,0
5104,1
2126,0
3419,0
5947,0
6547,0
4842,1
8066,1
7997,0
4402,0
7458,1
1626,0
3657,0
8158,0
6323,1
9303,0
1991,0
3389,0
2298,0
2250,0
5948,0
398,0
2767,0
3713,0
1393,0
8204,0
4745,1
9219,0
1330,0
1349,1
6022,0
5108,0
316,1
94,0
1691,1
718,1
1127,0
700,0
1950,0
487,1
9235,1
6016,0
5734,0
1651,0
8785,0
6123,1
2240,0
6276,0
3073,0
2380,0
9058,0
7080,1
8525,0
6573,1
1812,1
2332,0
2243,0
4510,0
1066,1
6352,1
1693,0
2618,0
564,0
5184,0
8184,0
7995,0
7140,1
6322,1
2211,1
917,1
5442,0
5092,1
1577,1
4615,0
4248,0
1893,0
8708,1
6044,1
1108,0
8729,0
1891,0
6764,0
2192,1
5873,0
7808,0
2532,1
5555,0
1498,0
7009,0
7904,1
7529,0
8227,0
9329,0
3462,0
3328,1
828,0
6262,0
8333,0
860,0
5792,0
2806,1
1556,0
4783,1
6845,0
8463,1
5649,0
767,0
2411,0
5955,0
256,0
4559,0
3763,0
5331,1
2423,0
6826,0
849,0
6686,1
7725,0
5470,0
887,0
4991,0
5316,1
4472,0
2615,0
8565,0
7189,1
1452,0
5971,0
7007,1
6905,0
3700,1
6933,1
5216,0
110,0
6407,1
3006,0
5634,1
6705,0
973,1
7927,0
7948,1
9043,1
8888,1
2937,0
5706,1
3108,0
7820,0
2218,0
6797,1
8991,0
3000,0
7279,1
3069,1
8975,0
874,0
4017,0
7805,1
6233,1
2717,1
3878,0
9429,0
5247,1
8349,1
6873,0
3144,1
9059,0
6409,0
3176,1
3535,0
4465,0
4375,0
7931,0
1389,1
3050,1
6254,0
1397,0
1107,0
525,0
4411,0
7895,1
5611,1
521,0
2471,1
9097,0
6964,0
292,1
6226,1
4223,0
2084,0
3184,1
77,1
5433,0
8790,1
6532,0
4206,1
2949,0
6452,0
2760,1
6405,1
8852,1
438,0
1059,0
3970,0
6496,0
3169,0
1794,0
6061,0
8532,1
8857,0
2176,1
4245,0
5628,0
6740,1
2217,1
1625,1
232,0
631,0
2851,0
6611,0
2276,0
4809,1
6283,0
3233,0
2312,0
7642,0
8384,0
7029,0
8181,0
6329,1
5143,1
5483,0
6039,1
2120,1
8078,0
6687,0
5197,0
5380,0
1123,0
4736,0
8327,1
4431,1
4590,1
4453,1
4979,0
1492,0
4030,1
3166,0
9347,1
8864,0
20,0
2781,0
3915,0
297,1
274,0
9240,1
4933,1
2071,0
921,0
9167,0
7629,0
6445,1
4388,1
8640,0
231,1
4859,0
8458,1
7755,0
348,0
8955,0
8020,1
9128,0
3212,0
2335,0
6298,1
1811,0
2725,1
4313,0
3755,0
4247,0
168,0
4315,1
5725,1
651,0
4875,0
2918,0
8120,0
7527,0
1868,0
3499,0
1029,1
9138,0
2744,0
2632,0
7380,0
7433,0
4234,0
3384,0
5207,0
6398,1
1234,0
6940,0
7161,0
5174,1
3142,0
1764,0
1390,0
6444,0
5652,0
6738,0
3116,0
8830,1
7489,0
6417,1
7075,1
3526,1
7894,1
7265,0
7955,0
356,0
3883,0
6177,1
9047,0
8223,0
1480,0
8957,0
4730,1
8407,1
3605,1
8077,1
3797,1
109,1
9408,0
3913,0
8550,0
1985,0
7239,0
9230,0
3623,0
3666,0
3578,0
6321,1
5738,1
5376,0
5606,0
288,1
1579,1
656,0
6110,1
650,1
5223,1
737,0
6722,0
6763,1
6915,0
8447,0
6247,0
6479,1
4751,0
3828,0
7365,1
7402,0
4928,0
8819,0
8663,0
4225,0
5020,0
1675,1
9067,1
928,0
7721,1
3722,0
435,0
8838,1
2933,1
4471,0
8618,1
6676,0
1948,0
2016,1
2565,0
5086,1
2023,0
465,1
8905,0
5838,1
8590,0
3455,0
1798,0
7960,1
6497,0
5637,1
5954,0
6422,0
1291,0
4520,1
8813,0
4141,0
7213,0
1813,0
2275,0
7681,0
5220,1
5099,0
2553,1
1335,0
3861,0
6633,0
1272,1
8825,0
5692,0
7876,0
4651,1
9033,0
270,0
4578,0
2868,1
3574,0
63,0
267,0
9171,1
8693,1
7004,1
4613,1
2844,1
4046,0
1933,1
2778,1
4953,1
4073,0
2648,0
1939,0
2592,0
4704,0
3571,0
1262,0
6397,0
5203,0
2838,1
5882,0
8199,1
3568,0
3187,0
1287,0
5269,0
1705,0
4435,0
7821,0
2805,1
4020,0
5355,0
7839,0
5536,0
3751,0
1253,0
4221,0
2751,0
5537,1
5577,0
7444,0
6590,1
6021,1
4179,1
2170,1
4788,1
3449,0
6870,1
2871,1
5180,0
3815,0
8512,1
6007,0
7314,0
5243,0
1386,1
4774,0
8829,1
9413,0
8558,0
135,1
543,1
3165,1
8868,0
9074,0
4818,0
452,0
8680,1
996,0
8695,0
6161,1
3890,0
4190,0
3547,0
7768,1
3348,0
5712,1
379,0
213,0
3479,1
8853,1
8816,0
210,0
4385,0
8611,0
1902,0
5406,0
5129,1
1303,0
7092,1
8650,1
4360,0
7167,1
3711,1
121,0
5852,0
8172,1
1550,0
4011,0
129,1
7296,1
5613,1
5337,1
6461,0
4016,1
8159,1
234,1
4598,1
2837,0
5722,1
8847,0
939,0
1634,0
4149,0
8812,1
2445,0
2607,0
2174,1
6137,1
9104,1
295,0
8742,0
5744,0
5645,1
6093,0
7919,0
1513,0
7829,1
1387,1
2836,1
1358,1
8291,0
8603,1
6194,0
7369,0
910,0
9049,0
4729,0
556,0
8836,1
2896,0
7875,0
271,0
6178,0
3924,0
7818,0
8108,1
5688,1
6606,0
3881,1
4424,1
1160,0
1239,0
3882,0
4194,1
4509,1
8041,0
2212,0
2278,0
5429,0
4889,0
3928,0
6924,0
3867,0
7558,0
2999,0
1065,0
1300,0
3845,1
3147,1
6735,0
8038,0
1274,0
3584,0
4981,0
4703,0
8339,0
2265,0
5912,1
7328,0
2153,1
2203,0
9056,0
4377,1
5787,0
3021,1
2966,0
608,0
8400,0
5696,0
8910,0
4777,0
7418,0
422,0
1382,0
1973,0
8583,0
3641,1
1581,0
5679,0
3747,0
8378,0
1462,0
3409,0
6266,0
8308,1
5687,1
6196,0
3822,0
1503,0
7308,1
6630,0
4022,0
6278,0
7412,1
8139,1
654,0
1099,0
5980,0
927,1
2432,0
9466,0
325,0
8267,1
5119,0
2927,0
4448,0
9213,0
6070,0
3386,0
7464,1
4257,0
3716,0
8759,0
5150,0
4781,1
8137,0
906,1
3779,1
3303,0
8911,1
9186,0
8337,1
2628,0
8873,0
5759,1
7476,1
5925,0
6707,0
2237,0
8755,0
6821,1
4828,1
2319,0
6108,0
5186,0
6006,1
621,0
2252,0
1295,0
4802,0
3211,0
1815,1
2832,1
615,0
524,0
1347,1
815,0
3544,1
2201,1
6543,0
7307,0
7597,1
7626,1
1574,0
7668,1
9008,0
4995,0
8972,1
1180,0
9229,0
9425,0
8795,0
3525,0
9120,0
6935,0
2674,0
2119,0
9111,0
6585,0
498,0
3702,0
5291,0
7174,0
5605,0
2504,0
1923,0
7585,1
640,0
2018,1
9228,0
5923,0
6778,1
7747,0
7802,0
8362,0
3229,0
9152,1
8035,0
616,1
5154,0
7692,0
8728,1
3441,1
5654,0
4079,1
3950,0
2085,0
4934,0
7277,1
4525,1
1181,0
5951,0
3664,0
4213,0
6726,0
5025,0
4135,1
7163,1
1342,1
5610,0
21,1
6577,0
8095,1
4423,0
8614,1
7665,0
2946,0
5901,0
8235,1
3436,1
6563,0
6307,0
6216,0
2789,0
8425,0
1115,0
5421,0
9397,0
7636,1
8973,0
5761,0
3740,1
6474,1
3662,0
4201,0
4329,0
482,0
754,1
3437,0
1068,0
2064,0
2761,0
1323,0
6727,0
2067,1
7727,0
6962,0
7822,0
657,0
4742,0
4546,0
1682,1
2797,0
6223,0
7685,0
3792,0
3324,0
2430,0
5830,0
5408,0
6744,0
2366,0
8883,0
1409,0
3516,1
9018,0
4105,0
6513,0
4625,0
272,0
5721,0
4760,0
1602,0
3157,1
238,0
5057,1
5941,0
515,0
6334,1
6030,0
8469,1
9287,0
4441,0
603,1
3084,0
1294,0
3598,0
6613,0
6045,1
5773,0
3699,0
7343,0
1018,1
7305,1
254,1
3838,0
6794,1
460,0
1954,1
2273,1
6049,0
3801,1
6492,1
5236,0
2873,0
8365,0
8893,0
5879,0
9234,1
2695,0
3407,0
6692,1
2405,0
8344,0
590,0
1517,0
6245,0
4500,0
5365,1
2779,0
2522,1
3687,1
866,1
4921,0
8800,0
5763,0
2829,0
1139,0
3563,1
4270,1
8328,0
3576,0
4683,1
9038,0
2923,0
3667,1
4131,1
6607,1
4957,1
9420,1
3295,1
187,1
3870,1
7030,0
7620,0
4495,0
8309,0
1223,0
5732,1
911,0
2509,1
8452,1
948,1
6047,0
9024,0
5981,0
202,0
2736,0
2393,0
4469,0
7133,0
3701,0
719,0
3156,1
634,0
3613,1
6129,0
3480,1
173,1
8093,0
970,0
955,0
2473,0
5136,0
4214,0
975,0
6597,0
5005,0
4409,1
963,0
3508,0
4881,0
1293,0
2374,0
6665,0
307,0
6019,1
9025,0
1011,1
443,0
613,0
8709,0
131,0
9314,1
3642,0
6913,1
8612,1
7486,1
8092,0
278,0
8720,0
6698,0
8060,0
2869,0
5072,0
6959,1
6594,1
9031,1
454,0
4972,1
4276,0
459,0
5707,1
4589,0
4189,1
8169,0
2621,1
2125,1
6852,0
8637,0
3091,1
1128,0
9216,0
2269,0
9354,0
1261,1
1021,0
7477,0
3063,0
1900,1
8017,0
8264,0
7848,0
1914,0
7578,1
7272,0
3114,1
4279,0
6624,0
1050,1
4755,0
9223,0
1135,1
5698,1
7300,0
3922,1
1524,0
7783,0
7760,0
7957,0
1311,1
6732,0
2140,0
1184,1
3737,1
894,0
509,0
2605,0
2185,1
8845,0
2700,1
1391,1
694,1
3197,0
7548,0
7615,0
5093,0
5095,0
303,0
4974,1
1623,1
4239,0
1176,1
3049,1
7715,0
5875,0
3092,0
5009,0
7543,0
7492,0
3984,0
1788,0
6354,1
6651,0
7269,0
7207,1
1246,1
2069,1
3522,0
8304,0
3626,0
28,0
1645,0
1363,0
4612,0
6588,0
6159,0
2132,0
3783,0
2301,0
4359,0
3743,0
2783,0
600,0
3789,0
3982,0
4908,0
7951,0
899,1
6124,0
2523,0
7644,0
8367,1
7012,1
4255,1
4293,0
8311,0
7315,0
10,0
1175,0
4907,1
2248,0
8616,0
652,1
2327,1
7303,0
770,0
2929,0
375,0
7441,0
775,0
1908,1
1937,1
1747,1
5012,0
2435,0
5430,0
3595,0
4124,0
2971,0
4915,0
7243,0
4101,1
4356,0
7152,0
7901,1
7242,0
7651,0
313,0
5156,0
8263,0
477,1
4427,1
1637,0
2508,1
4811,0
8211,0
4157,1
9474,0
9374,0
8083,0
5055,1
5589,1
3679,0
2409,0
6838,0
7194,1
7918,0
830,1
3476,0
5233,1
4542,0
2130,0
1190,0
8855,0
7958,0
1786,0
5354,0
8915,1
771,0
4093,0
363,0
7110,1
4712,0
1635,1
5054,0
479,0
4244,0
6356,1
7683,0
4648,0
6421,1
8033,0
3515,0
6027,0
1301,1
1844,0
7149,0
430,0
7100,1
4655,1
7867,1
6812,0
3286,0
3681,0
2101,0
9312,1
9325,0
7775,1
2475,1
7388,0
1695,1
62,0
4600,1
1851,1
4647,1
8884,1
4555,1
2708,1
5109,1
3354,0
8128,1
3490,0
9462,0
4028,0
7884,0
6702,0
1780,0
2342,0
6450,0
7256,0
6795,0
6169,0
6883,0
2,1
1661,1
8824,0
8039,0
7923,1
864,1
2231,0
6368,0
8947,0
5323,1
5141,0
5713,0
2599,0
6901,0
1759,0
7036,0
3688,0
1420,1
1585,0
2418,0
7419,0
4102,0
7880,0
1740,0
4442,0
9237,1
3806,0
6830,1
6637,1
6109,0
468,0
2847,0
5261,1
8380,0
8433,0
1447,1
2807,0
7593,0
2747,0
5621,0
3039,0
599,0
8023,0
2169,0
2830,1
3938,0
5164,0
977,0
3877,0
4451,0
41,1
3611,1
7638,0
7938,0
8741,0
2158,1
6539,1
6205,0
3222,0
1173,0
2503,1
2434,0
1657,0
7855,1
2986,0
2831,1
9129,0
8809,1
1588,0
2006,1
1112,0
867,0
3473,0
6535,0
2359,1
9349,0
2947,0
4369,0
5580,0
5351,1
9101,0
2889,0
7896,0
1265,0
4080,0
3309,0
9020,0
7183,0
647,0
690,0
5934,1
4862,0
6408,1
1078,0
9480,0
7363,0
4691,0
7646,0
148,1
2251,0
1502,0
8055,1
7650,0
8993,1
5245,0
4454,0
5166,0
4024,1
6095,0
7863,0
6188,0
2028,0
5255,0
1591,1
2698,0
5404,0
7331,0
2855,0
1671,0
3809,1
2821,1
7437,0
6487,0
2754,1
2981,1
5969,0
6958,1
8079,0
7376,0
569,0
8132,1
355,0
2442,0
152,0
6303,0
4389,0
8064,0
9475,0
3215,1
8374,1
3628,1
1376,1
5704,0
2315,1
2039,0
315,0
7716,0
6980,0
730,0
1255,0
2575,0
2512,0
9122,1
6439,1
6890,0
2979,0
835,1
4053,1
1215,0
6864,1
9105,1
3237,0
3550,1
9382,0
6831,0
7858,0
6549,0
3267,1
2365,1
4168,0
242,0
475,0
8677,0
1353,0
8694,1
3453,0
1744,0
8707,1
673,1
8477,0
2299,1
5241,0
3110,1
3551,1
7318,1
8270,0
5051,0
6537,0
5677,0
4661,0
2401,0
3905,0
8175,1
1168,1
5595,0
2363,0
1636,0
5056,0
4739,1
5664,0
6874,1
6416,0
4009,1
2257,0
1247,0
6759,0
4192,0
5367,0
895,1
2657,0
8918,0
8160,0
8604,0
5026,0
4762,0
942,0
4741,1
2136,0
6789,0
8247,1
7081,0
6401,0
6259,1
2198,0
8168,0
8914,0
6886,1
5765,0
946,0
6441,0
384,0
8519,0
6851,0
368,0
7424,0
9193,0
4156,0
1826,1
832,0
4676,0
7138,0
8119,0
758,1
2019,1
5823,1
9118,0
8967,1
609,0
5015,0
6050,0
7283,1
6295,1
2563,1
8673,0
9302,1
4769,1
4846,0
3923,0
8938,1
4499,0
4096,0
5088,0
6540,1
6538,0
4187,0
3590,1
4605,0
1758,1
9403,0
5994,0
7286,0
3247,1
7175,0
7051,0
6711,0
8274,1
7573,0
5616,0
8644,0
1827,0
9396,0
2078,1
1511,0
6071,0
2052,1
6418,0
3791,0
8183,0
3669,1
3627,0
5796,1
3344,1
9386,1
8630,0
248,0
2268,1
2597,1
3656,0
689,0
2454,0
284,0
3715,1
5325,0
670,0
2403,0
296,1
4459,0
3746,0
3534,0
6494,1
2594,0
0,0
8572,0
4200,1
6221,1
5782,1
4032,0
6869,0
8414,0
447,1
7607,0
3889,1
8889,0
3213,1
1656,1
1685,0
5267,0
961,0
6897,1
3811,1
6695,0
8832,1
3848,0
6919,0
3179,1
7920,1
3646,0
4025,0
3369,0
3056,0
5082,0
4829,0
6799,0
7209,0
8989,0
2222,1
9353,1
2645,1
7972,0
9469,0
1489,0
3497,0
8249,0
190,1
1025,0
8164,0
4785,0
8451,1
5209,0
5188,0
9290,0
813,1
4390,1
3189,0
8818,0
8634,1
8296,0
3124,0
3539,0
3893,0
2377,0
3521,1
8788,0
4477,0
112,0
1138,0
5534,0
298,0
8526,0
2279,0
1613,0
9081,1
4152,1
4607,1
6782,0
8354,0
2123,0
8591,0
1046,1
7501,1
4086,0
9316,0
6320,0
7368,0
8753,0
1776,1
337,1
7396,1
7028,0
6825,0
4656,0
4054,0
1337,0
6062,0
4251,0
6570,1
4133,1
3902,0
1783,1
7255,0
8271,0
8282,1
7906,0
1861,0
7730,1
1150,0
5898,0
1185,0
8434,0
7077,1
9337,0
7726,1
4545,1
5053,0
2020,1
5296,1
4885,0
6300,0
8148,1
5257,0
7547,0
6164,1
5046,1
3209,0
5820,1
9078,0
7290,0
5867,1
2596,0
5239,0
58,0
7257,0
3844,0
5219,1
1862,0
9266,0
1885,0
3959,0
1538,1
8702,1
7795,0
5221,0
5461,0
7836,0
9077,0
4586,0
1282,0
5828,0
4292,0
7136,0
2580,0
2106,0
6253,1
9211,0
3350,0
856,0
3911,1
8445,0
3850,1
6187,0
6720,0
170,0
956,0
3650,0
9194,1
4624,0
870,0
7151,0
4714,0
8882,1
4732,0
1977,0
4779,1
3963,0
7794,1
3991,1
2404,0
5658,1
8357,1
7658,1
1252,0
3164,0
8251,0
91,1
2346,0
9485,1
2476,0
562,0
1649,0
5575,0
2045,1
3624,1
8768,0
7411,1
7003,0
1696,0
8348,0
4461,1
1726,1
952,0
7838,0
3609,1
5171,0
7706,0
6710,1
2155,0
4898,1
5802,1
5146,0
5572,1
8596,0
1194,0
4049,0
6411,1
4217,1
3401,1
7185,0
6081,1
4074,1
7680,0
3277,1
1426,0
1795,0
1901,0
7953,0
9279,0
6118,0
3604,1
1240,0
8436,0
1214,0
1905,1
1699,0
663,0
4337,0
5585,1
871,0
6217,0
5617,0
8811,0
5137,0
2161,0
2811,0
6753,0
413,1
7254,1
6107,0
8933,1
2957,0
5196,0
7779,0
1667,1
253,1
6284,0
8850,0
5764,0
2480,0
7579,0
786,0
1081,1
3318,1
3325,1
1957,0
8554,0
6834,1
6381,0
3374,0
277,0
9439,1
2724,0
1198,0
3358,1
2610,0
6201,1
763,0
1530,0
3511,0
8101,0
2321,0
8521,0
8359,0
4433,1
2021,0
4150,1
8643,0
5566,0
4176,1
6777,1
5135,0
5098,0
7784,0
5909,1
7446,0
1006,0
9275,0
9394,0
3947,0
4564,1
3780,0
1849,0
8411,1
6642,0
4449,1
317,0
2216,0
6960,0
8130,1
9000,0
5313,0
1052,0
5387,0
9085,0
5357,1
3383,0
2908,1
2716,1
7409,0
8840,0
3964,0
3465,1
522,1
2726,0
2324,1
8710,1
8394,0
2104,0
6876,1
7505,0
7168,1
4529,0
3099,1
1134,1
7359,0
1416,1
2502,0
5301,0
3043,1
3019,0
3454,0
6981,0
8956,1
5762,0
8949,0
5259,1
2952,1
4233,1
3070,0
4147,0
6911,0
1597,0
1784,0
9393,1
6218,0
5992,0
7039,1
6681,1
2882,1
2331,1
7952,1
1601,0
4765,0
9188,0
3956,1
8312,1
7220,0
5906,1
2397,1
7407,0
2498,1
2195,0
5667,0
4059,0
9048,0
6976,0
4380,0
2395,0
1683,1
6616,0
2916,0
5179,0
1213,1
5525,1
5372,0
6466,0
309,0
2463,0
17,1
9016,1
3086,0
7358,1
1731,0
6250,0
2540,0
6229,1
5871,0
8950,0
6749,0
6654,1
7361,0
4711,0
9481,1
3785,0
3896,1
7072,1
8777,0
2943,1
8246,1
5511,0
5943,1
8005,1
1589,0
279,1
1785,0
8951,1
8863,1
1410,1
5919,0
3365,1
6138,1
183,0
8979,1
3692,0
9324,0
5810,0
5564,0
589,1
5438,1
194,0
6623,0
7452,1
1713,0
2676,0
7569,0
8529,1
3037,0
1275,0
4978,0
2452,1
1317,0
6769,0
3554,0
1532,0
7156,0
1486,0
3556,0
1621,0
1703,0
3370,0
6877,1
837,0
7713,0
7610,0
1110,0
3252,1
8587,1
8924,0
6733,1
3423,0
3876,0
527,0
6937,1
1463,0
2210,0
1056,0
7378,0
5326,0
500,0
6811,0
8319,0
8046,0
2350,0
5656,0
1019,0
3012,1
8621,0
7741,1
417,0
1787,0
7329,0
4171,0
1853,0
5600,1
250,1
7425,0
4620,0
3808,1
2149,0
806,0
163,0
9232,0
7259,0
8313,0
3357,0
1529,0
7859,1
6517,0
6693,0
3969,0
2309,1
5607,0
6760,0
8028,1
6551,0
4763,0
5512,1
2820,0
7410,1
5062,0
2707,0
1321,0
607,0
4833,0
788,0
1121,0
3833,0
7284,0
4958,0
6048,1
8350,1
7994,1
6436,0
3729,0
4638,1
294,0
7090,0
1782,0
7336,0
8578,0
114,0
8712,1
5278,0
7756,0
5526,0
132,0
9438,0
3725,0
7693,0
8479,0
6310,0
5157,0
8571,1
2782,0
5217,0
3210,0
2839,0
9157,0
643,0
2886,1
567,0
4556,0
7404,0
6085,0
3788,0
2093,0
2985,1
1395,1
6384,1
2982,0
1867,1
2137,0
5527,0
6202,0
7614,0
8904,0
6075,0
2928,1
7240,1
7405,0
2840,0
8875,0
668,1
9187,0
5074,1
6792,1
3077,0
7068,1
395,0
9422,0
3167,0
1593,1
538,0
169,0
158,1
6355,0
5911,1
5788,0
9042,0
7708,1
7806,1
8027,0
4119,1
118,1
3884,1
2146,1
9455,1
8025,0
7757,0
5293,1
1443,0
1478,0
2738,1
4994,1
9147,1
8779,0
2703,0
7443,1
6025,0
5014,0
2145,1
818,0
476,1
6853,1
2984,1
2088,0
4005,0
8747,0
2483,0
7641,0
8699,0
8858,0
3053,0
7559,0
2382,1
7560,0
3986,0
2852,0
5803,0
8200,0
8289,0
6515,0
578,0
4886,0
7148,1
1219,0
8869,0
4869,0
2689,0
6146,1
945,1
644,0
8098,0
7056,0
4536,0
6294,0
4416,1
8518,0
5597,0
821,0
3463,0
1898,1
3596,1
9248,1
5510,0
9165,1
6875,1
8058,0
8711,0
4123,0
6212,0
4216,1
1760,0
6856,0
2660,0
3510,0
4364,0
987,0
7008,1
5224,0
6813,0
1631,1
8170,0
8846,1
594,0
5398,0
6772,1
9199,1
3671,1
7539,0
6802,1
4228,0
4747,0
8648,0
7835,0
7671,0
6029,0
5441,0
4822,1
6880,0
4410,1
705,0
4508,0
2997,0
8326,0
6541,0
188,1
2585,0
1960,0
5853,0
8174,0
3173,1
8144,0
9389,1
6635,0
3895,0
2673,1
5427,0
5674,0
3678,1
499,0
4348,0
9291,1
3185,1
6671,1
6712,0
5509,0
5883,0
1362,0
5905,1
1379,0
8341,1
8523,0
7055,1
9280,0
7158,1
1870,0
9441,0
2328,1
2620,0
3541,1
3973,1
8817,0
6371,1
1520,0
8352,0
6197,0
1049,1
5513,0
6309,0
7054,0
5730,1
6742,0
1728,0
3732,1
8582,0
3591,1
7568,0
7988,0
4043,0
7316,0
2323,1
897,0
8508,1
4775,0
4405,1
8147,0
4069,0
5044,1
4918,0
1969,0
6455,0
9174,0
8807,0
3397,1
5952,1
3228,0
1986,0
8193,1
5591,0
5477,1
8152,1
2842,0
8178,0
3778,1
3363,0
6094,1
2887,1
3506,0
4379,0
3398,0
1684,0
606,1
262,1
9489,1
8980,0
2987,0
4685,0
7966,0
1329,0
715,0
2524,0
3136,0
5305,0
8602,0
1093,0
416,1
8150,0
3864,1
4304,1
1209,1
7736,0
7162,0
6592,0
6761,0
2890,0
6836,0
6003,1
4457,0
1286,0
80,0
7946,0
1435,0
1095,0
7258,0
7973,1
7087,0
7759,0
5896,0
2931,0
2526,0
7414,0
7344,0
3597,0
6193,0
3016,0
1396,0
8600,1
6571,0
7481,0
8261,0
8057,1
889,1
1306,1
1537,0
1352,0
4735,0
6768,0
4463,0
6333,0
6774,0
1104,1
6037,0
5856,0
1016,0
4088,0
7861,0
4721,0
1297,1
1666,0
8509,0
6994,0
1441,0
7511,0
251,0
8822,1
8099,0
5678,0
7113,1
8878,0
8071,0
8500,0
1757,1
6083,0
7986,0
4514,0
787,0
4532,0
1436,1
7434,0
1709,0
3088,0
5626,0
2412,1
9358,1
3195,0
8320,0
2194,0
6675,1
8940,0
8465,0
6682,0
233,0
1053,0
1539,0
2859,0
5328,1
8560,0
3149,0
9227,0
2589,0
480,0
884,1
8286,0
3708,0
1976,1
4830,0
3709,1
683,1
5683,0
3512,0
4178,0
9447,0
2731,0
8045,0
7944,1
7788,0
8087,1
4677,0
397,0
7324,0
1995,0
8239,1
504,0
9163,0
733,0
3866,0
5558,1
4517,0
1064,0
4174,1
8619,0
2178,1
3960,0
7281,1
2163,0
5832,1
7323,0
4768,0
8520,1
6565,1
3560,0
488,0
7135,1
755,0
4834,1
7226,0
1654,1
7703,0
3322,0
2014,0
4689,1
6762,0
3236,0
7814,0
6282,0
6765,0
943,1
1966,0
2062,0
7301,1
1839,0
7211,1
2539,1
7634,0
9331,0
6241,0
5043,0
5379,0
4786,0
8861,1
1233,0
4761,0
2233,1
6101,1
3888,0
9207,1
1947,0
6344,1
1399,1
7723,1
3464,1
1266,0
5859,1
4497,0
9387,1
3612,0
3311,0
2680,0
3886,0
923,1
105,0
8456,0
1567,0
197,1
4894,1
1277,0
3736,1
2739,0
3032,0
7015,0
3387,0
9030,0
2720,0
4297,0
5148,0
2663,1
3258,0
8248,0
9098,0
2188,0
4858,0
8336,0
1622,0
9405,0
7251,1
5110,0
4129,1
3537,0
881,1
9418,0
4582,1
6564,0
2047,1
1051,0
1450,1
873,1
8016,1
7984,1
7206,0
1670,0
6163,0
2046,0
3774,0
4709,0
5123,0
107,0
8037,0
1461,1
149,0
3487,0
2499,0
22,0
9292,1
3223,1
2667,0
2196,0
9424,0
1004,0
1320,0
366,0
5750,1
6736,0
352,0
7341,0
1874,1
1094,0
4968,0
4632,0
4067,0
4923,0
2065,1
1816,0
9380,0
4674,1
332,1
3177,1
7420,0
7660,1
35,0
1878,0
9250,1
4415,0
4973,1
2042,0
3710,0
5399,0
1810,0
554,1
2351,1
4188,1
178,0
1147,1
9051,1
6614,0
8597,0
2297,0
6184,0
2693,1
6747,0
1089,0
7509,1
817,0
3824,1
4686,0
8135,0
3523,1
4349,0
7813,0
8689,0
2710,1
960,1
228,0
7049,1
4166,0
4684,0
3943,0
1084,0
3625,0
5708,0
6000,0
1454,1
8496,0
5586,0
2099,0
7379,0
1476,1
5495,0
1907,0
7070,0
2742,1
6127,0
8154,0
1997,0
8589,1
5011,0
5604,1
7268,0
3921,0
3620,0
7633,0
9196,1
26,0
8524,1
5924,0
3115,0
9268,1
3452,0
3588,0
1928,0
8021,1
2994,0
3368,1
4776,1
9070,0
8839,0
8802,0
941,0
6771,0
5322,0
5007,1
5142,1
3339,0
2866,0
5809,0
816,1
8386,0
6649,0
4184,1
4792,1
528,0
4787,1
4660,0
2533,0
1704,1
4772,0
7545,0
4305,1
8639,0
3282,0
7326,1
2817,0
9392,1
7353,1
3175,0
5582,0
8420,1
3385,0
6893,1
5944,0
2141,0
5160,0
9377,0
8631,0
624,0
1048,1
2956,0
1017,1
6820,1
6189,1
3446,0
1210,0
3705,0
1569,0
6220,0
5808,0
1770,0
5561,1
207,0
2292,1
4722,1
7552,1
5505,1
4254,0
3294,0
8859,0
6265,0
5742,1
4639,0
1607,1
7332,0
1606,0
1012,0
5686,0
6195,1
8659,0
6583,0
7232,1
7465,0
3517,0
6214,0
5522,0
5392,0
3388,0
6489,0
7125,1
7830,0
5272,1
5366,1
73,1
909,1
9264,0
5723,0
2679,1
8983,1
696,0
4130,0
241,0
4162,1
1508,0
1071,0
6116,0
1668,0
6628,0
9001,0
5127,1
664,0
9040,1
2711,0
6748,1
1350,0
3486,0
3561,1
3823,0
90,0
8230,1
3220,0
7832,0
27,0
5159,0
4541,1
5822,0
2058,0
311,0
1211,1
4838,1
1736,0
6781,0
2906,0
1366,0
2819,0
7849,0
181,0
37,1
8891,1
2443,0
7079,0
8072,0
7890,0
749,0
1834,0
8581,0
492,1
3629,0
748,0
4439,0
455,0
5587,1
5926,1
3334,0
2665,0
3137,0
6908,1
2259,0
3078,0
4813,0
3447,0
5096,0
2291,0
4094,0
50,0
5965,0
4602,1
6701,1
4641,1
6064,0
5147,0
3126,1
725,0
5061,0
3320,0
8907,0
7044,1
561,1
7435,0
807,1
8368,1
8776,0
3720,0
4107,0
2891,0
8655,1
914,0
4344,0
4653,1
5369,0
5780,0
4515,0
2304,0
8842,0
2274,0
5693,0
7572,1
3412,0
6715,0
3434,0
7604,0
2244,0
8492,1
986,1
4404,0
4865,1
861,1
4378,1
5282,0
5596,1
6375,0
6909,1
5570,0
6673,0
3873,0
1952,0
944,0
2586,0
5317,1
6968,0
5212,1
8697,0
3416,1
3825,1
9139,1
5069,0
1725,0
5144,0
1672,0
5576,0
496,0
2267,0
7144,0
1197,1
1609,0
7743,0
2926,1
8506,0
7664,1
7710,1
7523,0
8657,0
6969,0
8043,0
6609,0
74,0
677,0
7124,1
3983,0
9076,0
6345,1
962,1
905,1
5563,0
6052,1
5395,0
4872,0
9427,0
7961,1
7099,0
667,1
2823,0
6470,0
4720,1
892,1
9334,0
739,0
3459,0
2734,1
6898,0
5874,0
44,1
1313,1
2609,1
3254,1
3775,0
4646,0
1514,0
4583,0
5609,0
2316,0
7042,0
2555,0
8040,1
7541,1
1528,0
9251,1
1403,1
5264,0
6263,0
450,0
2072,1
8501,0
1276,1
343,0
3583,0
6786,0
1775,0
4642,1
3475,1
6227,0
4940,1
993,0
1153,0
4664,0
5988,0
9410,0
336,1
4896,0
1237,1
7856,0
7248,0
2961,1
4930,0
1474,0
627,0
3971,0
2678,1
8683,1
976,0
3606,0
8338,1
8063,1
6544,1
2096,0
3119,0
6779,0
3198,0
7198,0
5785,0
7022,0
3483,0
5710,0
5957,1
7469,1
6584,0
6942,0
2024,0
5378,1
4984,0
2930,1
9421,0
568,0
1564,0
84,0
5646,1
2386,0
6885,0
4540,0
8562,0
2384,0
6967,0
851,0
7831,0
6406,0
1421,0
9066,0
7705,1
6240,0
9473,1
4417,1
6366,0
1932,0
320,0
418,0
8162,0
7442,1
1676,0
5599,0
4300,0
2775,0
9445,1
55,0
8551,0
7914,1
2116,0
255,1
6587,0
6545,1
9214,0
7991,0
6467,1
5260,0
3301,0
3860,0
9472,1
2427,1
9498,0
3199,0
1852,1
848,0
8919,0
9133,0
7565,1
4289,1
2079,0
3014,0
8925,1
5700,0
9231,1
1968,0
745,0
3396,0
937,0
6619,0
6648,1
6332,0
2035,1
4841,0
7288,0
2286,0
4758,1
4240,0
2296,1
3355,0
7619,1
7936,0
5493,0
5227,0
1987,1
3314,0
1032,0
1087,1
5218,0
9026,1
3903,0
5287,0
3768,0
4793,0
4561,0
7872,0
3514,0
7677,1
3208,1
1191,1
4798,0
5364,0
4867,0
8146,0
5717,0
6999,0
5671,0
211,0
5819,0
2995,1
2611,0
3936,0
8870,1
8290,1
6165,0
5304,1
5333,1
4482,0
4180,0
5779,0
2075,0
2801,1
7095,1
2438,1
5383,0
9285,0
7295,1
8927,0
3430,0
225,1
3424,0
3443,0
1988,0
1962,0
8307,1
7912,1
8721,1
4926,0
5514,0
1748,0
7186,1
5716,1
2772,0
1910,1
9305,1
3714,1
8317,0
3966,0
9243,1
823,0
9326,1
1742,0
4361,0
5070,0
3594,0
5967,1
1587,0
2436,0
7934,0
6923,0
1819,1
3390,0
7594,0
4740,0
825,0
5851,1
3127,0
1193,0
7694,0
3158,0
1802,1
2768,0
9172,0
9029,0
756,1
1058,1
8757,0
6510,1
1140,1
9034,0
759,1
5133,0
3159,0
2857,0
5748,0
3415,0
9155,1
9450,0
7570,1
7622,1
7621,0
6180,0
8288,0
7598,1
5766,0
6144,0
2960,0
9170,1
6142,0
1838,1
3540,0
6663,1
5790,1
5552,1
5776,0
5195,1
6456,1
4406,0
6882,0
6051,0
3024,0
8570,0
5950,0
688,0
5003,0
125,0
3569,0
1200,1
2367,1
7221,0
7394,0
918,0
6057,0
6325,0
8444,0
2538,0
4,0
1312,1
1152,0
8275,1
9370,0
4977,0
7789,0
2166,0
4877,0
8517,0
3979,0
5539,0
3691,1
1655,0
7130,1
4825,1
7357,1
3756,1
7107,0
7554,0
5231,1
4064,0
7709,0
157,0
583,0
7021,1
1221,0
3017,0
2940,1
1925,1
7181,0
5490,1
8493,0
8468,0
8921,1
8912,0
2602,0
8761,0
1545,0
5038,1
2732,1
5618,1
6249,1
1038,0
5690,0
3188,0
6122,0
5279,1
106,0
6690,1
1604,0
4341,0
9190,0
4606,0
8942,0
2969,1
6739,0
8929,0
6080,0
5612,0
8732,1
2190,1
6084,1
4891,1
8664,0
4446,0
9346,0
6719,1
8051,0
1045,1
3107,1
8450,1
3786,0
3707,0
2468,1
8194,1
7010,0
2245,0
7233,0
9452,1
6626,1
8872,1
6916,1
3312,0
236,1
5824,0
1279,0
5489,0
5568,0
9351,0
5256,1
675,0
140,0
7019,1
7262,0
7947,1
1633,1
9061,1
978,0
1131,0
392,1
5396,1
6767,0
8257,0
799,0
369,0
3734,0
638,1
7159,0
6486,0
6925,1
8377,1
8138,0
904,0
6783,0
2721,1
6236,0
3817,0
374,0
5915,0
76,1
4945,0
5237,0
5145,0
2702,1
3728,0
1109,0
8769,1
6098,0
1385,1
3287,0
8388,0
7580,0
2157,0
3182,0
6312,1
7176,0
8219,1
2060,0
4286,0
5268,1
8528,1
5574,0
9435,0
8585,0
2173,0
1070,0
4332,0
2034,0
5903,0
6645,0
2460,1
9153,0
7637,0
6248,0
3577,0
104,0
506,0
1608,0
4035,1
5419,1
2627,1
9236,1
4047,0
5389,1
529,0
2077,0
981,0
1738,0
2809,0
4164,1
4368,0
1745,0
6430,0
3467,0
2876,0
1580,1
456,0
4806,0
6656,1
7581,1
6055,0
8260,0
246,0
3066,0
4342,0
6868,1
146,0
7596,0
7059,0
9294,0
9487,0
9360,1
2239,0
6182,0
3214,0
639,0
8647,0
177,0
4960,0
7351,1
8243,1
291,1
4987,1
9404,1
6644,0
6448,0
4558,0
6252,0
268,0
8466,0
4539,0
113,0
428,1
3111,0
8901,0
4812,1
7767,0
5835,1
219,0
9100,0
7577,0
2087,1
8166,1
7669,1
6815,0
6625,1
2691,1
5215,0
3800,0
7457,0
6287,1
5436,0
4400,0
934,1
8065,1
1047,1
7193,0
56,1
4753,0
4616,0
7048,0
2639,1
6390,0
7069,0
8652,0
1174,0
1207,0
2447,1
5837,1
7,0
885,1
6166,1
4070,1
988,0
731,0
293,0
8134,0
2086,0
5276,1
8126,0
6603,0
5140,0
5266,0
5701,0
6362,1
218,0
2336,1
6111,0
5312,0
3009,0
128,0
8255,0
8772,0
8438,1
614,0
3276,0
5112,0
3770,0
8638,0
3470,1
626,0
3234,1
772,0
8851,0
8153,1
6480,0
4764,0
1208,0
2343,0
822,1
7766,0
8431,1
882,0
8713,0
1512,1
1092,0
2420,0
217,0
2148,1
7310,0
8179,0
9136,0
1873,0
9218,1
43,1
4182,0
2925,0
4312,0
1847,0
8381,1
2206,0
3586,0
4484,1
2424,0
6669,0
1405,0
778,1
2874,0
2008,1
4727,0
138,0
796,0
7877,1
6839,1
6059,0
5983,1
4694,1
8763,1
7866,1
9357,1
6360,0
7398,0
7024,0
3741,0
1571,0
2558,1
6993,0
7645,0
7495,1
6447,0
4211,1
6192,1
3429,1
9222,0
6523,0
4870,1
4036,0
6353,1
8826,0
8576,0
5749,1
926,1
8557,0
2340,0
8733,1
3482,0
740,0
1549,1
1909,0
1889,0
5655,0
2625,1
4845,0
659,0
5894,1
3289,0
8443,0
7625,0
3171,0
4770,0
9217,0
792,0
6734,1
8209,0
5603,0
8455,0
7453,0
7661,1
8316,1
697,1
5019,0
1686,1
6100,0
6776,0
4197,1
1624,0
4114,0
8191,0
3638,0
886,0
3331,0
544,0
2737,1
6842,0
6828,0
6072,1
8879,0
2861,0
5289,1
1437,0
4275,0
2055,0
6951,0
4614,0
3793,0
7354,1
8786,1
3235,0
915,0
4331,0
4091,1
88,0
3288,1
350,0
744,1
3802,0
7180,0
7187,1
9124,0
19,0
8371,0
3976,0
9249,1
5410,0
9265,0
5010,1
4117,1
938,1
814,1
9277,1
1030,0
4084,0
7020,1
2996,0
8214,0
704,0
7566,1
8224,1
5081,0
139,0
8510,0
2635,0
1803,1
5827,1
2682,0
8389,0
2030,0
6655,0
5842,1
3706,0
9022,0
7101,0
3491,0
4533,1
888,0
8342,1
6335,0
2513,1
3261,0
7116,1
4077,0
5067,0
1930,0
4784,0
4172,0
1171,0
8505,0
72,0
8207,1
855,0
7027,0
1761,0
2826,1
8588,1
5087,0
2892,0
3090,1
3927,1
5887,0
51,0
2624,0
5382,0
5889,1
2684,1
4935,1
7911,0
2880,0
1899,1
2456,1
514,0
3098,1
984,1
2815,1
2481,1
2854,0
7052,1
2026,0
9317,0
8856,0
5813,1
4238,0
2150,0
1260,0
3224,1
6493,0
7686,1
2537,0
7750,1
4550,0
5039,1
3819,0
2634,0
8586,0
2144,1
6340,0
2904,0
5829,0
6131,0
1383,0
9482,0
532,0
5995,0
7219,1
4207,0
2310,1
5050,1
3602,0
1641,0
3712,0
6921,0
2964,0
1679,0
3178,0
410,1
3337,1
2484,0
6871,1
9006,0
595,0
2011,0
728,0
3504,0
2897,1
8081,0
60,0
8268,1
289,1
4851,0
2745,0
9181,0
5068,1
901,0
6668,0
2027,0
5290,0
2885,0
3536,0
4136,0
974,0
4158,0
3226,1
2422,0
3545,0
7488,1
8109,0
2622,0
6258,1
3007,0
5615,1
7142,1
3570,1
8799,0
4452,0
5863,0
7292,0
5998,0
7714,0
8934,0
3608,1
7017,0
4850,1
5793,0
2444,1
9493,0
722,0
9050,0
966,0
7533,1
7551,1
5478,0
7348,0
7687,0
3935,0
5557,0
8730,0
1145,0
8272,0
